"Staining_condition","CD68","CD31","CD11c","CD138","aSMA","CD45RA","Granzyme B","CD3","CD8","CD20","HLADR","CD4","CK","CD11b","ECad"
"ASTAR_Colorectal_Citra_20min",0.637168826771919,0.596267632923422,0.280886679352343,0.383839030223825,0.543936377950094,0.17196532153845,0.191473477771383,0.14066986234026,0.257937547126747,0.13065262436023,0.193031983769694,0.276980082926542,0.233386831790578,0.191628912482982,0.28156358530576
"ASTAR_Colorectal_Tris_10min",0.631912746681664,0.527044779434077,0.394459111620738,0.272498750475,0.480483076221208,0.426657710807354,0.319662162180484,0.246389290623275,0.387662929794568,0.209607230610737,0.263068908914261,0.28508056934917,0.354036993575811,0.377990532435412,0.397759864766838
"ASTAR_Colorectal_Tris_20min",0.360370664272877,0.30209054109402,0.263502836219969,0.222611635288876,0.316050198493747,0.340280648220188,0.254423438295609,0.161487220495816,0.207448673848999,0.126624398315756,0.255821894834364,0.3127252968432,0.271225740874727,0.296835575956803,0.341542554885482
"ASTAR_Colorectal_Tris_40min",0.31543328882004,0.412862565052093,0.259871108146193,0.32947938220637,0.420421273055744,0.246082410172783,0.237050091460473,0.220568417226577,0.354797731241473,0.18296165223907,0.275333212087991,0.329920303461793,0.318601889958784,0.299319710528856,0.373857650983638
