"Staining_condition","CD11c","CD138","CD20","CD3","CD31","CD4","CD45RA","CD68","CD8","Granzyme B","aSMA","HLADR","CK","CD11b","ECad"
"ASTAR_Colorectal_Citra_20min",-0.294342432359912,1.17056624154803,-0.783945109280641,-1.04337649894234,1.05655670449691,-0.986686818292567,-1.12047927657718,0.87628884015874,-0.526099520636509,-1.11415559217676,1.06994596717132,-1.46354156849534,-1.15126186969966,-1.30522553555524,-1.3336349632597
"ASTAR_Colorectal_Tris_10min",1.48444399306186,-0.424053280878307,1.16193075521066,1.09395456548078,0.521536957462135,-0.656364262997552,1.17574526458996,0.845775939977204,1.02415018087918,1.29924421008942,0.415339687606148,0.442336244402484,1.12855064533591,1.13172787637445,0.975208727906579
"ASTAR_Colorectal_Tris_20min",-0.566610478116405,-1.13853835288266,-0.883222760185373,-0.622511696817411,-1.21712236708625,0.470935574300426,0.396997491733771,-0.730595864361791,-1.12945376881102,0.0709991114707414,-1.28100693888261,0.245127082005326,-0.436255630098462,0.070506965459248,-0.141840646272272
"ASTAR_Colorectal_Tris_40min",-0.623491082585547,0.392025392212935,0.505237114255352,0.571933630278973,-0.360971294872795,1.17211550698969,-0.452263479746556,-0.991468915774153,0.631403108568346,-0.256087729383393,-0.204278715894861,0.776078242087528,0.458966854462216,0.102990693721544,0.500266881625394
