"Staining_condition","Vimentin","aSMA","Mast Cell Tryptase","IDO","CD163","CD68","CD56","CD31","CD8","CD4"
"Stanford_MIBI_Colon_Citra_20min",0.373323930648869,0.206995801719818,0.190264419363364,0.320420654364146,0.51294120535968,0.73086589855866,0.32123484161005,0.700674621000953,NA,NA
"Stanford_MIBI_Colon_Tris_10min",0.173980247869121,0.101357731887773,0.0865867839578309,0.128904963056354,0.251507363263747,0.46157164814321,0.135140435668356,0.546608946340561,1.54955879490312,NA
"Stanford_MIBI_Colon_Tris_20min",0.230151413636797,0.0694683026885324,0.111668440637713,0.170593552507296,0.322911338121918,0.418753318108698,0.104982328481559,0.428860679449336,1.22336677576991,0.429040827769699
"Stanford_MIBI_Colon_Tris_40min",0.183279746523403,0.0948925002292431,NA,0.151259543880959,0.344220564007425,0.431242112964558,0.19340469619536,0.510022319119228,1.32818756853283,0.555155029376094
