"Staining_condition","CD31","CD4","CD56","CD68","CD8","Vimentin","aSMA","Mast Cell Tryptase","IDO","CD163"
"Stanford_MIBI_Colon_Citra_20min",1.35288629292107,NA,1.38526420573644,1.48888084403925,NA,1.44558391383135,1.46104320594031,1.12323842419492,1.47081319657507,1.40050115737206
"Stanford_MIBI_Colon_Tris_10min",0.000590761477116616,NA,-0.559670320537619,-0.331473833144196,1.09602389321043,-0.718813062381283,-0.276703014976909,-0.793463085876962,-0.736290836235752,-0.960979895973541
"Stanford_MIBI_Colon_Tris_20min",-1.03293247790289,-0.707106781186548,-0.874862728487018,-0.620913905582651,-0.862732011319691,-0.108928165892113,-0.801284116906299,-0.329775338317958,-0.255854725382078,-0.316001677356911
"Stanford_MIBI_Colon_Tris_40min",-0.320544576495304,0.707106781186547,0.0492688432881961,-0.536493105312407,-0.233291881890742,-0.617842685557952,-0.383056074057103,NA,-0.478667634957236,-0.123519584041612
