"Staining_condition","CD31","CD4","CD56","CD68","CD8","Vimentin","aSMA","Mast Cell Tryptase","IDO","CD163"
"Stanford_MIBI_Colon_Citra_20min",0.575295910637629,NA,0.823933196801075,0.558439446769027,NA,0.790888608051747,0.856968479101581,0.825833133416765,0.812480180466852,0.705275131372611
"Stanford_MIBI_Colon_Tris_10min",0.651690201592537,NA,0.911544592321156,0.691851689808098,0.24736965543163,0.891896342243047,0.914161018292567,0.894629371154731,0.9291059922714,0.84366778189615
"Stanford_MIBI_Colon_Tris_20min",0.727537709931208,0.747111182402673,0.924360980204331,0.740203024497268,0.337363191111624,0.879655947207664,0.924768071423248,0.889382666950301,0.910795931780786,0.815304223729541
"Stanford_MIBI_Colon_Tris_40min",0.666346407680659,0.67921663848742,0.897548181780855,0.730804316959633,0.301501079557953,0.896655563659331,0.907921068367789,NA,0.91335191615319,0.8069308379531
