"Staining_condition","CD31","CD4","CD56","CD68","CD8","Vimentin","aSMA","Mast Cell Tryptase","IDO","CD163"
"Stanford_MIBI_Colon_Citra_20min",-1.27682920074422,NA,-1.4548396923275,-1.45257621359467,NA,-1.48439717177782,-1.45951797511606,-1.15198796677537,-1.4825628794169,-1.4483494565622
"Stanford_MIBI_Colon_Tris_10min",-0.0563530802064596,NA,0.493694721212545,0.137374774579096,-1.06041025222066,0.544899243239778,0.438203959870292,0.644497948992314,0.707403154535871,0.84189712157764
"Stanford_MIBI_Colon_Tris_20min",1.15538763461052,0.707106781186546,0.778739522740913,0.713605640782674,0.925992408294823,0.298983522403413,0.790159611366043,0.507490017783059,0.363582091825802,0.372511342858857
"Stanford_MIBI_Colon_Tris_40min",0.177794646340162,-0.707106781186549,0.18240544837405,0.601595798232897,0.134417843925837,0.640514406134623,0.231154403879721,NA,0.411577633055223,0.233940992125703
