"Staining_condition","CD11c","CD15","CD20","CD3","CD31","CD45","CD45RA","CD68","CD8","Granzyme B","FoxP3","H3K27ac","H3K27me3","Pax5","Tox/Tox2","CD11b","Ki67","HLADRA","pS6","PD1","IDO1","NaKATPase"
"BIDMC_LymphNode_1",-0.483424591500008,0.0558560362192883,-0.419575031609474,-0.304409256919781,-0.28555713488442,-0.460918390523491,-0.304378684739148,-0.452763384383407,-0.166316366260181,-0.366429710543156,-0.495887673066405,-0.43087136646644,-0.635454531379523,-0.446424249029578,-0.340747774423587,0.0914939166952483,-0.384486568116763,-0.61946968325837,-0.113654428381916,-0.489784293109672,-0.348094975924125,-0.305666064076519
"BIDMC_LymphNode_2",-0.591288530497591,-1.31348463384662,-0.649414180183484,-0.933502226983121,-0.879582383365893,-0.752120243347135,-0.873095966128023,-0.645246502919396,-0.932925945229327,-0.69571401165691,-0.547038681979178,-0.760368033448365,-0.601978606946568,-0.952283143008639,-0.754637222613805,-0.907621266192069,-0.939374289411335,-0.80221398605439,-1.06868308531048,-0.683298906305617,-0.673834120168433,-0.783799623212777
"BIDMC_LymphNode_3",-0.421594530230084,0.138496353454927,-0.42228359409599,-0.177817806658741,-0.273589368927184,-0.255495187929112,-0.263270237176646,-0.393292623979072,-0.315775059103559,-0.422247769955313,-0.456032706124535,-0.278069222175218,-0.238079471156387,0.0227182619969196,-0.378179919961246,-0.549751697613434,-0.0774754943537015,0.0172577358236545,-0.165811472729938,-0.309324421103895,-0.464383576346478,-0.376884936683267
"BIDMC_LymphNode_4",1.49630765222768,1.1191322441724,1.49127280588895,1.41572929056164,1.4387288871775,1.46853382179974,1.44074488804382,1.49130251128188,1.41501737059307,1.48439149215538,1.49895906117012,1.46930862209002,1.47551260948248,1.3759891300413,1.47356491699864,1.36587904711025,1.4013363518818,1.4044259334891,1.34814898642234,1.48240762051918,1.48631267243904,1.46635062397256
