"Staining_condition","CD11c","CD15","CD20","CD3","CD31","CD45","CD45RA","CD68","CD8","Granzyme B","FoxP3","H3K27ac","H3K27me3","Pax5","Tox/Tox2","CD11b","Ki67","HLADRA","pS6","PD1","IDO1","NaKATPase"
"BIDMC_LymphNode_1",0.815740842186014,0.680189151792558,0.895765493904789,0.716799658737392,0.812074525506721,0.794050386518076,0.677970331398501,0.656862499565566,0.771980603856188,0.699469036131425,0.954831146238763,0.795809882737543,0.794636543650333,0.747973237847399,0.780353236264928,0.650991224340267,0.688768464875149,0.70397752934574,0.608562707677458,0.818539092464057,0.664492031119468,0.822870551562385
"BIDMC_LymphNode_2",0.847982732223722,0.727561271137952,0.892442273181827,0.777698543937279,0.843242908314568,0.813064748800477,0.721964911584517,0.687257616313603,0.82432524953712,0.744070221056337,0.969923162926238,0.837828156717659,0.77365822992378,0.790283823111291,0.851064837008885,0.756785969445611,0.752505501328276,0.71148778620909,0.703366916679295,0.868774611907788,0.722011773281563,0.846237031548625
"BIDMC_LymphNode_3",0.812676916712622,0.679261160053547,0.887722609902848,0.702708972083318,0.808341058567495,0.78923361253004,0.675918202501596,0.651737940636532,0.775194845980501,0.70425853941355,0.959829516265637,0.801593084529351,0.773268510647131,0.756139775710195,0.793510947767559,0.682670221713327,0.688954900952122,0.691260182647331,0.62395742407981,0.808223462755144,0.68972679667411,0.816254372850473
"BIDMC_LymphNode_4",0.634871277059609,0.612161703931777,0.815455215293512,0.604035161059349,0.678386920832776,0.664782152207844,0.532086032225311,0.523520060305613,0.670049485377362,0.52548057676308,0.902479435655465,0.519362480412897,0.624303795980753,0.681742134587683,0.637216219136674,0.515789934764736,0.590396176081984,0.57558123536776,0.49313935359298,0.603421863309109,0.42531265893292,0.501348846231088
