"Staining_condition","CD11c","CD15","CD20","CD3","CD31","CD4","CD45RA","CD68","Granzyme B","aSMA","CD45RO","CD14","CD209","CD16","CD163","pS6","CD11b","PDL1","PD1","pSTAT3","pMK2","CD8a","Ki67","Collagen","CD44","CD66a","HLADR","SOX9","TenascinC","PanCK","Podoplanin"
"Stanford_IMC_Tonsil_Citra_20min",-1.0787478590942,-1.44358617256525,-1.19262527599049,-0.897618804501308,-0.184892567857312,NA,0.348416166306696,-1.18574924680956,-1.45330316263146,-0.39392363888717,-0.604849406784177,-1.12206873527827,NA,NA,-0.841261818060871,-0.575887881969072,-1.13456234264967,-0.964454637399494,NA,NA,NA,-1.11723218700834,-1.47663596601677,-1.10033051570697,-0.836601953037868,-0.63177532371335,-0.93417639370157,NA,NA,-0.472880091437793,-1.4448043881096
"Stanford_IMC_Tonsil_Tris_10min",1.04761319836743,0.802155915279063,-0.460120473579388,-0.551658609746105,1.44060940199352,0.0635640995653745,0.827209452440768,1.24392326368656,0.596300220187038,1.44407041367426,1.43028696033225,1.31209423683591,NA,NA,1.41397499699135,1.35575265690646,1.25750744178988,1.38376297357172,NA,NA,NA,0.392676445502021,0.42279981538262,-0.536950921425262,1.39542626231633,1.34825102209694,1.36542138454173,1.12064486029527,NA,0.663341159317716,0.788824518172916
"Stanford_IMC_Tonsil_Tris_20min",-0.592020095262252,0.137837488566301,0.8177171107794,1.37261661892889,-0.853742132143454,0.966701652605505,0.279159767793827,0.120848860569145,0.141178531648047,-0.202520536856859,-0.0607508600453761,-0.120660570880006,-0.707106781186548,-0.707106781186545,-0.0324342896411554,-0.902861889007737,0.187410531195816,-0.392844704111869,0.707106781186548,0.707106781186547,-0.707106781186545,1.17931732456967,0.320155864327665,1.10202315626798,0.0342280965171107,-0.871273134807865,-0.507129602558581,-0.801395702868507,-0.707106781186548,-1.1718514552228,0.521821517466454
"Stanford_IMC_Tonsil_Tris_40min",0.62315475598902,0.503592768719881,0.835028638790476,0.0766607953185287,-0.401974701992752,-1.03026575217088,-1.45478538654129,-0.17902287744614,0.715824410796378,-0.847626237930229,-0.764686693502702,-0.0693649306776323,0.707106781186548,0.70710678118655,-0.540278889289321,0.122997114070352,-0.310355630336026,-0.0264636320603541,-0.707106781186548,-0.707106781186547,0.70710678118655,-0.454761583063356,0.733680286306479,0.535258280864247,-0.593052405795573,0.154797436424276,0.0758846117184207,-0.319249157426759,0.707106781186548,0.981390387342881,0.134158352470226
