"Staining_condition","CD68","CD31","CD11c","CD138","CD21","aSMA","CD45RA","Granzyme B","CD3","CD8","CD20","NaKATPase","HLADR","CD4","CK","FOXP3","CD11b","Ki67","ECad","PD1"
"ASTAR_Tonsil_Citra_20min",0.657537646798805,0.676583964286737,0.673456642866832,0.358834684187925,0.423087661802506,0.345014218958249,0.24953793896072,0.245886554694698,0.361064088726848,0.301483549914398,0.288826339362569,0.40476107542384,0.264996027642272,0.396655262810729,0.203346696229573,0.191982671943783,0.218426641198851,0.25452435117137,0.251629499410809,0.338421901249583
"ASTAR_Tonsil_Tris_10min",0.519624371653973,0.724871457625843,0.744583109398819,0.268887645880519,0.565700288576384,0.274195534671546,0.260752622451444,0.318274010341576,0.438684234032085,0.25861852769546,0.317997222660714,0.413408444023871,0.292240137935069,0.448169719661381,0.257954644353805,0.186264515607111,0.25529096746473,0.242317717519591,0.310041289626616,0.384146536581094
"ASTAR_Tonsil_Tris_20min",0.399772741807328,0.441340937820704,0.56948915476648,0.129682414487969,0.402011343325238,0.130843136950328,0.272530965192959,0.205591598948836,0.383829869985112,0.187022765902308,0.252548970735084,0.37757622833726,0.27735114228242,0.527910473345358,0.256718681466091,0.183171443607646,0.322664644693052,0.264286291212241,0.327299346456145,0.425747794214462
"ASTAR_Tonsil_Tris_40min",0.560952496493476,0.672425872061647,0.619733185880012,0.3334855302355,0.496564730633252,0.231425186967174,0.235980486595048,0.280321428254263,0.425087360530009,0.357871929393142,0.269149998882096,0.449737935246216,0.252843186985183,0.554904817668262,0.33354131228881,0.356207036464188,0.416592718792625,0.492934965605568,0.365416193020434,0.643583900446362
