"Staining_condition","CD11c","CD20","CD31","CD4","CD45","CD68","CD8","Vimentin","SMA","PD1","MastCellTryptase_MastCellChymase","Ki67","IDO","ICOS","HLADR","HLA1ABC","GranzymeB","FOXP3","CD14","CD3e","Calprotectin"
"Stanford_MIBI_LymphNode_1",-0.173148560604079,1.31592918014027,0.237749846522329,-1.14425499903389,1.44033125654498,0.0987601260708282,-0.065123056166907,1.29013778113927,-0.169618125625358,-0.627714487678935,1.08284453378611,0.839567875623276,1.36127014312104,-0.988454278873587,0.836226994945377,1.15303480110421,-0.639902014586152,0.411753436607451,1.09746140321294,-0.273141955637257,-0.517542999451111
"Stanford_MIBI_LymphNode_2",-0.251162687552316,0.191270938462213,-0.702047724721364,-0.461728384865735,-0.135205981506247,-1.14666788008765,-0.685750438384708,0.285654119827816,-0.488937554239283,-0.644193389276521,-0.253861301550298,0.830978588808114,-0.973996562990725,0.371787892434192,0.472788109839322,0.519352174142775,-0.702632340859225,-1.14013810067028,0.383435661456949,-0.796830551517307,-0.594598447106978
"Stanford_MIBI_LymphNode_24",1.39894053776016,-0.972597459054616,1.31446537684822,1.10950113806394,-0.485995500586465,1.27440170324601,1.43458730819729,-0.709199788170134,1.45073269140269,1.46725249358285,0.427944006217905,-0.511824919303271,0.0546411588106994,1.22882034292189,0.126656816944199,-0.87043504985325,1.44445342874236,NA,-0.215078422837363,1.46181794304575,1.49419988065583
"Stanford_MIBI_LymphNode_3",-0.974629289603768,-0.534602659547864,-0.85016749864919,0.49648224583569,-0.819129774452264,-0.226493949229184,-0.683713813645675,-0.866592112796949,-0.79217701153805,-0.195344616627397,-1.25692723845372,-1.15872154512812,-0.441914738941014,-0.612153956482492,-1.4356719217289,-0.801951925393735,-0.101919073296981,0.728384664062828,-1.26581864183253,-0.391845435891193,-0.382058434097743
