"Staining_condition","CD11c","CD20","CD31","CD4","CD45","CD68","CD8","Vimentin","SMA","PD1","MastCellTryptase_MastCellChymase","Ki67","IDO","ICOS","HLADR","HLA1ABC","GranzymeB","FOXP3","CD14","CD3e","Calprotectin"
"Stanford_MIBI_LymphNode_1",0.421352564560679,0.573643052092322,0.416041576716806,0.567545639350788,0.716482045126751,0.37435316223797,0.384362170458799,0.596639708409105,0.402143820047151,0.370062873980243,0.368828157777176,0.514365227931553,0.540080439360447,0.612589680736906,0.489424312503749,0.613925340473482,0.217793609373689,0.434484089816942,0.422623975587859,0.572609423785762,0.288872923245774
"Stanford_MIBI_LymphNode_2",0.379780339862599,0.542486448765559,0.389122676096552,0.535934242312503,0.681336914128853,0.395586616376327,0.38320874654009,0.54274246138921,0.38517785618138,0.333119107140905,0.346938652401351,0.457432974865091,0.55858654577007,0.5268665389763,0.431846442043561,0.494478874777884,0.190986292542004,0.492583896606581,0.385901101934519,0.546625534105193,0.249362816540904
"Stanford_MIBI_LymphNode_24",0.342653840703466,0.603671336616002,0.393873136735794,0.535828563136786,0.727254759698426,0.308867317349037,0.335598469392784,0.636862423007376,0.350601133404845,0.287853104083035,0.343902390267642,0.520667005731403,0.509515933055548,0.47007747177644,0.456031721127694,0.628239677022123,0.140422660786032,NA,0.487403580770174,0.461950543143702,0.19158587252132
"Stanford_MIBI_LymphNode_3",0.444412771989371,0.635889132192629,0.43058177046871,0.560207423752945,0.785643346509286,0.384991370421366,0.428388963752395,0.693855763331928,0.445330116260149,0.35363839994003,0.442006951683172,0.524842363849878,0.553179693565855,0.606477976934152,0.555319197375232,0.678060623820427,0.194494920916439,0.435332863726966,0.578050235555564,0.558172474239827,0.267154508611399
