"Staining_condition","CD11c","CD138","CD15","CD20","CD3","CD31","CD45","CD45RA","CD68","CD8","Cytokeratin","FoxP3","H3K27ac","H3K27me3","Pax5","CD11b","ToxTox2","Ki67","HLADRA","pS6","PD1","GranzymeB","IDO1","NAKATPase"
"BIDMC_Tonsil_1",0.437163480360478,0.351517813482557,0.764636654772223,0.479480759644128,0.44605510309528,0.59815395832951,0.449413714097006,0.35538463015001,0.363572959522722,0.474066591459475,0.576943871117884,0.3808376860699,0.495556410351008,0.58364622413717,0.416763508566583,0.489155230837429,0.347105052919966,0.373274816182571,0.479005785781881,0.217230225987722,0.435826581243178,0.39113129672138,0.408897816171894,0.449499866157967
"BIDMC_Tonsil_2",0.728001091530605,0.933553482805217,0.779539532231393,0.736312795690387,0.954339654283671,0.691664565726166,0.916649766556174,0.916097072167673,0.701288869419535,0.833002290282855,0.939593848757136,0.699684066183681,0.691068782732736,0.859172044304767,0.699626714762057,0.748248942097617,0.876649870169616,0.858430261296229,0.841018915178796,1.05725891308395,0.718102252409826,0.750022165884003,0.659832498958154,0.702406898891767
"BIDMC_Tonsil_3",0.311872369801272,0.125321435978975,-0.217376972461006,0.254908149137529,-0.0257650503506141,0.171177760952862,0.0327600598733389,0.147245438425664,0.418632508062575,0.129776966053292,-0.195083348291748,0.403572063500509,0.293481660110087,-0.0579642587939709,0.367457920671939,0.2284301751055,0.213414920425391,0.210348011717699,0.112000614412677,0.0778964434175727,0.325423656454037,0.333128819969291,0.42123188251241,0.329896997237031
"BIDMC_Tonsil_4",-1.47703694169235,-1.41039273226675,-1.32679921454261,-1.47070170447204,-1.37462970702834,-1.46099628500853,-1.39882354052652,-1.41872714074335,-1.48349433700483,-1.43684584779562,-1.32145437158327,-1.48409381575409,-1.48010685319383,-1.38485400964797,-1.48384814400058,-1.46583434804055,-1.43716984351497,-1.4420530891965,-1.43202531537335,-1.35238558248924,-1.47935249010704,-1.47428228257467,-1.48996219764246,-1.48180376228676
