"Staining_condition","CD11c","CD15","CD20","CD3","CD31","CD4","CD45RA","CD68","PanCK","aSMA","CD45RO","CD14","CD209","CD16","CD163","pS6","CD11b","PDL1","PD1","pSTAT3","pMK2","CD8a","GRZB","Ki67","Collagen1","CD44","CD66a","HLADR","SOX9","TenascinC","Podoplanin"
"Stanford_Tonsil_1",-0.509764496999192,-0.690816521111797,-0.540548473266231,-0.464124934110356,0.237457014979098,-0.180504771504781,1.45543482386476,-0.545643051068253,1.08623421141145,1.16756629607037,-0.117449647927841,-0.572932819391912,0.707106781186547,0.707106781186548,0.106334526413638,-0.0899249215189801,-0.142458117842671,0.043765822575063,0.707106781186548,0.707106781186547,0.707106781186548,-0.215044523707931,-0.515355495707406,-0.385350257761818,-0.273875345802053,-0.253508726369152,0.231807995192505,-0.242219110364799,0.822857243730832,0.707106781186547,-0.783739067131839
"Stanford_Tonsil_2",-0.921765782545548,-0.507067474893624,-0.604209685257142,-1.18872866855827,-1.23676950779305,-0.897453805682088,-0.821302437320383,-0.443248998963353,0.403742169698476,-0.521172351666962,-0.239622854380929,-1.02125478122332,-0.707106781186548,-0.707106781186547,-1.22792198704151,-1.13829980145879,-1.19608626678845,-1.35398807180587,-0.707106781186547,-0.707106781186548,-0.707106781186547,-1.17700230534154,-0.863007478351161,-0.917213699473698,-1.10493706210066,-0.914454744587651,-0.923222646726591,-1.08485984250076,-1.11298365700505,-0.707106781186548,-0.47951849801209
"Stanford_Tonsil_24",1.37373494496887,1.47876927540466,1.49093838152205,0.879103561662873,1.17593378613587,NA,-0.261794871137138,1.49864974997181,-1.2679952126081,0.437150237452464,1.37541470820578,1.22021884288632,NA,NA,1.21345035761254,1.30037728315609,1.24077581970871,1.04655695930524,NA,NA,NA,1.24352877473164,1.41018237511,1.41347873044636,1.30322399273926,1.42583579379584,1.30874883259787,1.32831001997917,NA,NA,1.45561459761032
"Stanford_Tonsil_3",0.0577953345758729,-0.280885279399235,-0.346180222998678,0.77375004100575,-0.176621293321912,1.07795857718687,-0.372337515407242,-0.509757699940209,-0.221981168501829,-1.08354418185587,-1.018342205897,0.373968757728919,NA,NA,-0.0918628969846616,-0.0721525601783214,0.0977685649224102,0.263665289925568,NA,NA,NA,0.148518054317828,-0.0318194010514302,-0.110914773210846,0.0755884151634562,-0.25787232283904,-0.617334181063784,-0.00123106711361151,0.290126413274219,NA,-0.192357032466395
