"Staining_condition","CD31","CD4","CD45","CD68","CD8","Vimentin","SMA","MastCellTryptase_MastCellChymase","HLADR","HLA1ABC","GranzymeB","CD163","CD14","CD3e","Calprotectin"
"Stanford_MIBI_Liver_1",-0.65648121695827,-0.336658419537269,0.484921110199267,-0.0361043247917301,0.27602949978986,0.897690555683629,-0.180420763411111,-0.938505770831285,1.06861735295476,1.09056865402765,0.703538753567431,1.05289947284869,0.0258842836277527,-0.707106781186548,-0.814185022781232
"Stanford_MIBI_Liver_2",-0.494422329081407,1.45857975729535,-0.622440807163089,-0.17361900314724,0.832992864099068,-1.00532421837132,0.13150902509902,1.40857982409481,-0.0243885233001942,-1.21479951535097,-1.19425716877355,-1.27314856885301,-1.37966857041903,0.707106781186548,0.438920118702903
"Stanford_MIBI_Liver_24",NA,-0.815766924791716,-1.01934931996921,-1.10892599916122,NA,-0.713543051475396,-1.18982530614383,-0.1240753451971,-1.33213146049803,-0.342362933965434,0.937594989526593,-0.240760468461299,0.377326881659985,NA,-0.830709338314173
"Stanford_MIBI_Liver_3",1.15090354603968,-0.306154412966365,1.15686901693303,1.31864932710019,-1.10902236388893,0.821176714163087,1.23873704445592,-0.345998708066424,0.287902630843457,0.46659379528875,-0.446876574320478,0.46100956446562,0.976457405131292,NA,1.20597424239251
