"Staining_condition","CD11c","CD138","CD20","CD3","CD31","CD4","CD45RA","CD68","CD8","aSMA","GZMB","HLADR","CK","CD11b","Ecadherin"
"ASTAR_COMET_CRC_1",0.478841832646145,1.04615456829294,0.674415686892643,0.435415910329489,1.1088282962926,-0.857686399566342,-0.673339334111372,0.566755907108562,1.36897934740541,1.20498092443049,-0.418861893037473,-0.496464060216413,0.373728617014859,-0.291291503961313,0.130783065648048
"ASTAR_COMET_CRC_2",0.937138044655421,0.21087189384445,-0.267707810202108,0.1594787708801,0.553132466607762,0.489219002188166,0.375237211522568,1.11926607976704,-0.432801208609252,0.306223291498821,0.170668342364713,0.741302904891851,0.812479915305356,0.0053564497090084,1.21728512003176
"ASTAR_COMET_CRC_24",-0.0409130022686213,-1.36030415078875,0.889987353555129,0.844487347940215,-1.03529324817065,1.17346438372459,1.23564637199688,-0.891467749037465,0.0320928507189588,-1.15081039253179,1.29981506901428,0.920178393260737,0.271955837813864,1.34176716437613,-0.129759892795501
"ASTAR_COMET_CRC_3",-1.37506687503294,0.103277688651367,-1.29669523024566,-1.43938202914981,-0.626667514729715,-0.804996986346414,-0.93754424940808,-0.79455423783814,-0.96827098951511,-0.360393823397522,-1.05162151834153,-1.16501723793617,-1.45816437013408,-1.05583211012382,-1.21830829288431
