"Staining_condition","CD11c","CD138","CD15","CD20","CD3","CD31","CD45","CD45RA","CD68","CD8","Granzyme B","H3K27ac","H3K27me3","Pax5","Tox/Tox2","CD11b","Ki67","HLADRA","pS6","FOXP3","PD1","IDO1","NaKATPase","CK"
"BIDMC_tonsil_30",-0.643774051618794,-0.603566567687075,-0.667936501573503,-0.889033035331081,-1.00100020773155,-0.899217373793316,-0.569164824925913,-0.510866009023573,-0.584182124550426,-0.846071388417908,-0.538114363463392,-0.705432201559519,-0.628376888183143,-0.58674768847876,-0.787971828154627,-0.859529242974915,-0.677501995195087,-0.690046741278623,-0.709729302804004,-0.598917113950198,-0.805772851021315,-0.50505615512193,-0.603754406018243,-1.35255953733573
"BIDMC_tonsil_31",-0.346691043582635,-0.561167303793594,1.35383166078497,-0.150750550049869,-0.316988345135849,-0.042162978474355,-0.586595572796649,-0.70449963087514,-0.294618729877848,-0.324944644995816,-0.486226379619084,-0.377243299104546,-0.676636496330668,-0.584774638322349,-0.234612852553217,-0.0563242724401846,-0.422130902307483,-0.593012064149862,-0.313633988247994,-0.339136180662904,-0.0038596676539767,-0.494551091603422,-0.42381164975007,0.492495169738273
"BIDMC_tonsil_32",-0.49845999497866,-0.32386045289794,0.149888386719317,-0.387389746175999,-0.0582818420955102,-0.4637968259418,-0.334278226953696,-0.25953669424469,-0.60601470049566,-0.278475463497803,-0.475093488991377,-0.40045834819846,-0.152408076942457,-0.316329045875394,-0.437711740997237,-0.500885848059593,-0.387786957062919,-0.179765987973448,-0.456378741387082,-0.552323672078453,-0.600908058722313,-0.500378903507894,-0.468031186533739,-0.0982555444049568
"BIDMC_tonsil_33",1.48892509018009,1.48859432437861,-0.835783545930788,1.42717333155695,1.37627039496291,1.40517717820947,1.49003862467626,1.4749023341434,1.48481555492393,1.44949149691153,1.49943423207385,1.48313384886253,1.45742146145627,1.48785137267651,1.46029642170508,1.41673936347469,1.48741985456549,1.46282479340193,1.47974203243908,1.49037696669155,1.4105405773976,1.49998615023325,1.49559724230205,0.958319912002414
