"Staining_condition","CD20","CD3","CD4","CD45","CD68","CD8","CD34","Iba1","Ki67","S100b","CK","Vimentin"
"Roche_Intestine_Citra_20min",0.025655232357287,0.646813265838501,0.993853183599084,1.00823702070494,0.524490691567488,0.323104854236908,1.27529540491042,1.48529509629187,1.21293178168634,1.34262203471423,-0.199584742079032,0.779328319763283
"Roche_Intestine_Tris_10min",-1.23446596806697,-1.44398111081778,-1.37633326293906,-1.22140038987177,-1.36192014964186,-1.4845757338282,-1.14271966059656,-0.658628006845228,-1.13004589588771,-1.04470840249266,-0.64350200118733,-0.929544623389848
"Roche_Intestine_Tris_20min",1.2146610050077,0.0995748388464031,0.0415451946827256,-0.3776289548721,0.928341539474585,0.673284998486446,-0.238080251950481,-0.317369001418787,-0.393833160648206,-0.324419290060831,1.46812673593375,0.946116674792348
"Roche_Intestine_Tris_40min",-0.00585026929801679,0.697593006132874,0.340934884657253,0.59079232403893,-0.090912081400217,0.488185881104845,0.105504507636612,-0.50929808802786,0.310947274849578,0.0265056578392575,-0.625039992667392,-0.795900371165783
