"Staining_condition","CD31","CD4","CD45","CD68","CD8","Granzyme B","Vimentin","aSMA","HLADR","HLA1 ABC","CD163","CD14","CD3e","Calprotein"
"Stanford_MIBI_Liver_Citra_20min",NA,0.784286470554045,0.847737551674499,0.849171834968822,NA,0.542259753599924,0.807034655634489,0.760930683004609,0.751328933916901,0.840281773978287,0.874912801662768,0.93390255089824,NA,0.578069922167177
"Stanford_MIBI_Liver_Tris_10min",0.726799618964901,0.726739736390067,0.910152101721661,0.832121795180782,0.4217626070394,0.413268917105791,0.822968796889706,0.810410397402713,0.802474724201011,0.824868020876597,0.869973184153368,0.923869814529793,NA,0.432100548390587
"Stanford_MIBI_Liver_Tris_20min",0.795311284270438,0.833391750520415,0.912150450378024,0.870404039789547,0.642062063601712,0.585294355422682,0.889301503852273,0.799616080388835,0.88963839885402,0.9064570270878,0.912716062691139,0.934834102322982,0.830760266586296,0.56607962098401
"Stanford_MIBI_Liver_Tris_40min",0.771085204548534,0.803966176816992,0.891627700869329,0.848181876656115,0.590718168501944,0.477661729409533,0.856914635066137,0.813281889844879,0.823584769475594,0.812813866936544,0.844821595367836,0.903270955905858,0.830071131840592,0.482843162260738
