"Staining_condition","CD31","CD4","CD45","CD68","CD8","Granzyme B","Vimentin","aSMA","HLADR","HLA1 ABC","CD163","CD14","CD3e","Calprotein"
"Stanford_MIBI_Liver_Citra_20min",NA,-0.0624158761894912,-1.42666328537027,-0.0508150730900488,NA,0.500045113306132,-1.01034249630468,-1.45479717528278,-1.14223669940281,-0.139397335075518,-0.0247273956562196,0.677362273893555,NA,0.910668150388753
"Stanford_MIBI_Liver_Tris_10min",-1.08224277559257,-1.34084594300254,0.659695662899589,-1.13645781996501,-1.12569623436134,-1.21365565976557,-0.575473919434851,0.594301447447081,-0.249334552866008,-0.50836336088635,-0.20095338986269,-0.00678790445661806,NA,-1.18943898530014
"Stanford_MIBI_Liver_Tris_20min",0.889780147916081,1.02848297776453,0.726495353000939,1.30112248543415,0.785572141386683,1.07177898539283,1.23485331531901,0.147277441841799,1.27236707233866,1.44466982791588,1.3239432749562,0.740886426225874,0.707106781186661,0.738159928819157
"Stanford_MIBI_Liver_Tris_40min",0.192462627676481,0.374778841427504,0.0404722694697388,-0.113849592379108,0.34012409297466,-0.358168438933387,0.350963100420515,0.713218285993905,0.119204179930153,-0.796909131954008,-1.0982624894373,-1.41146079566281,-0.707106781186434,-0.45938909390777
