"Staining_condition","CD3","CD45","CD15","CD8","CD11b","Tox/Tox2","CD20","CD11c","H3K27me3","Ki67","HLADRA","pS6","CD68","FoxP3","PD1","Pax5","H3K27ac","Granzyme B","CD31","IDO1","NaKATPase","CD45RA"
"BIDMC_LymphNode_1",0.263954217001395,0.166005369530702,0.185426254585854,0.235995197810168,0.151068850540807,0.107359468835661,0.0797369507599955,0.0842260888571191,0.137979820512274,0.203442506859609,0.154479949220264,0.225148292276307,0.156245314375547,0.0129444222302264,0.0987449471111308,0.151461759358735,0.121945998292518,0.123441544817873,0.190392269478644,0.192533108162772,0.112278414360651,0.271214886692197
"BIDMC_LymphNode_2",0.217016789667677,0.147905269163892,0.126561258342519,0.16831102042653,0.0989263261224054,0.0793549115575216,0.0732077064536488,0.0749058743181052,0.140326491042298,0.176113233472533,0.148063060610033,0.180711761267043,0.14077323087176,0.0108692036764096,0.0765492730950283,0.141964739500032,0.101047776451431,0.0946481418241747,0.131898785441395,0.134596323511426,0.0814190233190255,0.205677974944944
"BIDMC_LymphNode_3",0.273399366256678,0.178773765571374,0.188978783237026,0.222799447384586,0.117603074347058,0.104826737768617,0.0796600062259456,0.089568647652501,0.165835909895539,0.218563384914282,0.176838013799109,0.222721477016149,0.161025663831686,0.0145613554758749,0.119443272813139,0.160269464030553,0.131637425943187,0.118560680854592,0.191570731722076,0.171849724789531,0.10768185133486,0.275952074725926
"BIDMC_LymphNode_4",0.392295943770663,0.285933448137965,0.231134201012199,0.375611602410579,0.217577356185852,0.230119360177558,0.134020098085805,0.255289091124809,0.285959135892476,0.291397674956829,0.225547077074314,0.293164547390896,0.312512264450823,0.0938762169865706,0.3249507518778,0.185675838141973,0.242464312795,0.285281755779437,0.36018218525236,0.518805472918198,0.226646784586696,0.472316582245078
