"Staining_condition","CD11c","CD15","CD20","CD3","CD31","CD45","CD45RA","CD68","CD8","Granzyme B","FoxP3","H3K27ac","H3K27me3","Pax5","Tox/Tox2","CD11b","Ki67","HLADRA","pS6","PD1","IDO1","NaKATPase"
"BIDMC_LymphNode_1",0.392468242129916,0.113701436575193,0.596807419404349,0.229136546748578,0.363329798293647,0.424391195842054,0.314189709059637,0.372169918907296,0.178865953324611,0.320131576323569,0.267203821247002,0.387881326206169,0.67522361842717,0.0867656562149121,0.163019370211541,-0.00563675916635428,0.128655665295357,0.522883248661767,0.0150680505201029,0.37360389027545,0.288726951906084,0.464427776413701
"BIDMC_LymphNode_2",0.726143089231699,1.11193117318582,0.51027159800271,1.07540357137739,0.789649446898965,0.704898109693549,0.846127311872352,0.790859701465616,0.986476440477048,0.778510486406191,0.767201223163716,0.673005213292661,0.408811859566714,1.01887440949743,0.94100533359211,1.04404748022284,1.08080807206747,0.640454747074952,1.10878734361514,0.802107783229659,0.713403677954086,0.606856392723076
"BIDMC_LymphNode_3",0.360759342227654,0.0941467077175807,0.387372768032239,0.0333286361344383,0.312263616149296,0.353332362206885,0.289377458971856,0.301579617133148,0.22845757084487,0.369354647369633,0.432799452302038,0.427124465404747,0.403862663015122,0.266675751488896,0.30778366279662,0.308678892608611,0.131440789444176,0.323795849338782,0.192670907168083,0.285612613635139,0.475038941764003,0.424099358109018
"BIDMC_LymphNode_4",-1.47937067358927,-1.3197793174786,-1.4944517854393,-1.33786875426041,-1.46524286134191,-1.48262166774249,-1.44969447990384,-1.46460923750606,-1.39379996464653,-1.46799671009939,-1.46720449671276,-1.48801100490358,-1.48789814100901,-1.37231581720124,-1.41180836660027,-1.34708961366509,-1.340904526807,-1.4871338450755,-1.31652630130333,-1.46132428714025,-1.47716957162417,-1.4953835272458
