"Staining_condition","Vimentin","aSMA","HLADR","HLA1 ABC","Granzyme B","CD163","CD68","CD45","CD31","CD14","CD8","CD4","CD3e","Calprotein"
"Stanford_MIBI_Liver_Citra_20min",0.353421129822734,0.181432243981537,0.424699835708816,0.288797557495585,0.718982282121768,0.183470177436445,0.203625953413345,0.266255004288054,NA,0.0361163741895859,NA,0.37063235333544,NA,0.651098477913993
"Stanford_MIBI_Liver_Tris_10min",0.316318031524108,0.219388509142971,0.329594221467793,0.32815590866488,0.959116689691881,0.21003174568041,0.268337998571829,0.0969501511260003,0.409196843920945,0.124400588370578,1.01809875660499,0.482788906593767,NA,0.976447551883524
"Stanford_MIBI_Liver_Tris_20min",0.139453714917106,0.163495386743175,0.144742054757681,0.161586464398452,0.615271420672372,0.104076954876891,0.164342371408925,0.0940763738902892,0.266748939165361,0.061084929981252,0.574128204404004,0.288633074799516,0.249735925531117,0.688484870836697
"Stanford_MIBI_Liver_Tris_40min",0.209327498802097,0.180283133235094,0.301389849361404,0.319852481319768,0.792181245847947,0.238248319018556,0.227829163156903,0.1254251664468,0.329768075461854,0.132908301893732,0.681376377732451,0.380552890265458,0.299902199865019,0.863228416794355
