"Staining_condition","CD31","CD4","CD45","CD68","CD8","Granzyme B","Vimentin","aSMA","HLADR","HLA1 ABC","CD163","CD14","CD3e","Calprotein"
"Stanford_MIBI_Liver_Citra_20min",NA,-0.125901162241991,1.4772895405883,-0.28463673765858,NA,-0.362228288335238,1.00683212402286,-0.199668664853824,1.07189504496801,0.183878663734374,-0.00842495797904652,-1.10649891835564,NA,-0.943331883437571
"Stanford_MIBI_Liver_Tris_10min",1.036110063761,1.28342133577681,-0.596982743831205,1.19985285100557,1.12333874866131,1.29758344635011,0.628694665816884,1.40680879900028,0.253687328186109,0.69355746911318,0.451439537744614,0.753798219912624,NA,1.19220907373566
"Stanford_MIBI_Liver_Tris_20min",-0.95948107532366,-1.15627722770304,-0.632191400643456,-1.18579923913999,-0.793148405383214,-1.07907893289675,-1.17382388912504,-0.958836006615223,-1.33662330145523,-1.46346671620267,-1.38297196969478,-0.580369379605908,-0.707106781186547,-0.697933387744039
"Stanford_MIBI_Liver_Tris_40min",-0.0766289884373407,-0.00124294583177626,-0.248115396113643,0.270583125792998,-0.330190343278096,0.143723774881882,-0.461702900714699,-0.248304127531234,0.0110409283011099,0.58603058335512,0.93995738992921,0.933070078048921,0.707106781186548,0.449056197445953
