"Staining_condition","CD11c","CD15","CD3","CD45RA","CD68","CD8","HLADR","Ki67","GranzymeB","ECadherin"
"Novartis_Tonsil_slide1",0.770238284647473,-0.350710261939718,0.509329545186769,0.506035955493388,0.333934395483806,-0.707106781186547,-0.0951101544659805,0.0642326582444073,0.177262657362125,-0.769795769487782
"Novartis_Tonsil_slide2",-1.45507928637118,-1.17672833905357,-1.46524512238579,-1.38554028081003,-1.37472997878316,NA,-1.26084198377482,-1.03056794247717,-1.32217912131806,-0.833308917030959
"Novartis_Tonsil_slide24",0.176628980548094,1.16731463516755,0.73944665103789,0.907428232644492,0.998402803046005,NA,1.16885713917115,NA,1.10396715322804,0.338930249047357
"Novartis_Tonsil_slide3",0.508212021175611,0.360123965825732,0.216468926161126,-0.0279239073278514,0.0423927802533451,0.707106781186547,0.18709499906965,0.966335284232767,0.0409493107278961,1.26417443747139
