"Staining_condition","CD11c","CD15","CD3","CD45RA","CD68","CD8","HLADR","Ki67","GranzymeB","ECadherin"
"Novartis_Tonsil_slide1",-0.0222704948166543,0.289649714371522,-0.0342087184423579,-0.064926837700983,-0.371352641847979,0.707106781186548,0.375452099857568,-0.0107878107075774,0.145277070549971,0.500702950633134
"Novartis_Tonsil_slide2",1.41779244949657,1.2306455714264,1.3343812994344,1.34259910212063,1.29151888824673,NA,1.15848357533127,1.00535026307902,1.30544144545855,1.166061920232
"Novartis_Tonsil_slide24",-0.786157335337023,-1.11083670922653,-1.08196123832267,-1.07299563578967,-1.08085812921551,NA,-1.17956461326753,NA,-1.0588447141388,-0.849868581694118
"Novartis_Tonsil_slide3",-0.609364619342897,-0.409458576571394,-0.21821134266937,-0.204676628629976,0.160691882816756,-0.707106781186548,-0.354371061921306,-0.994562452371439,-0.391873801869721,-0.816896289171014
