"Staining_condition","CD11c","CD15","CD3","CD45RA","CD68","CD8","HLADR","Ki67","GranzymeB","ECadherin"
"Novartis_Tonsil_slide1",0.641688005123395,0.44126559570291,0.502117403499872,0.853120705331745,0.76722427682673,0.622487570418502,0.799987010847311,0.484801599010875,0.745546287845706,0.303494244701768
"Novartis_Tonsil_slide2",0.748011044352583,0.505584193152329,0.685891720496463,0.933157695235752,0.873162627633815,NA,0.8504973806834,0.629985917184492,0.866245717898655,0.321932669416216
"Novartis_Tonsil_slide24",0.585288546452482,0.345540070624933,0.361425157314132,0.795798285948559,0.722023045186176,NA,0.699678821787948,NA,0.62027368314456,0.266067212591107
"Novartis_Tonsil_slide3",0.598341544553924,0.393480406850494,0.477409524477518,0.845174029331523,0.801119811435895,0.5628601217229,0.75290890610817,0.344241320569366,0.689662996171102,0.266980940610309
