"Staining_condition","Vimentin","SMA","PD1","MastCellTryptase_MastCellChymase","Ki67","IDO","ICOS","HLADR","HLA1ABC","GranzymeB","FOXP3","CD68","CD45","CD31","CD20","CD14","CD11c","CD8","CD4","CD3e","Calprotectin"
"Stanford_MIBI_LymphNode_1",0.333639189279633,0.453819018942533,0.591435045591102,0.448251019060012,0.32644218773571,0.323432154935274,0.252402873925313,0.465817380140204,0.375259916369727,0.773943267539699,0.496458207627414,0.461380480877607,0.245077246534663,0.44462706511097,0.399583392617299,0.500488098725976,0.586547524212944,0.580905403295785,0.350703652979068,0.386016301087101,0.717065491735395
"Stanford_MIBI_LymphNode_2",0.267135909936585,0.434841059517087,0.590243204504635,0.369652438398418,0.326373100896506,0.211752703448667,0.329640629856634,0.449414199830259,0.331643415690385,0.761706277736428,0.413675765623858,0.378248595295932,0.180182223088591,0.417517987119954,0.363597525707978,0.44049039871185,0.582122345219444,0.531190779776076,0.368273682329486,0.358538965259203,0.708608639235376
"Stanford_MIBI_LymphNode_24",0.201270182202664,0.550120556854049,0.742954108210262,0.409742732060251,0.315572431173384,0.260945241606541,0.378304952013583,0.433792167513556,0.235984085892707,1.18054463280874,NA,0.539854146633883,0.165733504571785,0.475685631528752,0.326357045266103,0.390198838640909,0.67572080508048,0.701037930943118,0.408721260872285,0.477047643299042,0.937854719785921
"Stanford_MIBI_LymphNode_3",0.1908497979453,0.416818773363718,0.622706315330656,0.310671953039229,0.310369200203007,0.237198450651908,0.273770092991736,0.363279184302126,0.240697792908528,0.878889186969984,0.513348245103434,0.439669884649555,0.152011990417064,0.413245374989124,0.340371633856595,0.301907909105216,0.541085300582379,0.531353921195635,0.392940543014216,0.379788066566552,0.731934952884198
