"Staining_condition","CD11c","CD20","CD31","CD4","CD45","CD68","CD8","Vimentin","SMA","PD1","MastCellTryptase_MastCellChymase","Ki67","IDO","ICOS","HLADR","HLA1ABC","GranzymeB","FOXP3","CD14","CD3e","Calprotectin"
"Stanford_MIBI_LymphNode_1",0.539348551342268,-0.381463399499096,0.445189703352482,1.07472331128068,-0.258404916989276,0.215311651580937,0.0388558578357438,-0.327121077976346,0.160810196384039,0.952641367695369,-0.144032751220395,0.318093229556636,-0.0118442783208452,0.858668648831948,0.116981849765391,0.131712596482052,0.978067074401884,-0.590047117396849,-0.544567341933416,0.75932149310261,0.950420469592963
"Stanford_MIBI_LymphNode_2",-0.383262218090459,-1.15931282131105,-0.942365388703074,-0.848304686889408,-1.06946995394632,0.759345119616107,0.0084213912149898,-1.1712965259329,-0.27016078669383,-0.0857028407204312,-0.622391568263973,-1.48596735795897,0.83050790417684,-0.39772050372257,-0.957460553127351,-1.40329370269692,0.155350398209154,1.15460677133043,-0.980533150653461,0.236944937836881,0.002848854281364
"Stanford_MIBI_LymphNode_24",-1.20720917316245,0.368216644560332,-0.697499302135244,-0.854733507908672,-0.0097965921910093,-1.46253553569243,-1.24783259064,0.302874515332717,-1.14848189621109,-1.35795242798296,-0.688744038892177,0.517783007277484,-1.40306499341988,-1.23004146802932,-0.506146720814724,0.315666107728906,-1.39644769168161,NA,0.224481758866046,-1.46534946994375,-1.3828166560995
"Stanford_MIBI_LymphNode_3",1.05112283991064,1.17255957624981,1.19467498748584,0.628314883517411,1.3376714631266,0.487878764495387,1.20055534158927,1.19554308857652,1.25783248652088,0.491013901008024,1.45516835837654,0.650091121124848,0.584401367563874,0.769093322919946,1.34662542417669,0.955914998485961,0.263030219070567,-0.564559653933576,1.30061873372083,0.469083039004259,0.429547332225176
