"Marker","Best_Condition","Worst_Condition","Min_CV","Max_CV","CV_Range","Failed_Conditions","Excluded_Conditions"
"CD68","Novartis_tonsil_Tris_40min","Novartis_tonsil_Citra_20min",0.0572297605274514,0.11246175490507,0.0552319943776185,0,0
"CD3","Novartis_tonsil_Tris_40min","Novartis_tonsil_Tris_20min",0.0756648685704915,0.130194183073508,0.0545293145030168,0,0
"HLADR","Novartis_tonsil_Tris_40min","Novartis_tonsil_Citra_20min",0.0620846956131674,0.10942194537227,0.0473372497591026,0,0
"CD15","Novartis_tonsil_Tris_40min","Novartis_tonsil_Citra_20min",0.0301492294569141,0.0584119023931464,0.0282626729362323,0,0
"CD11c","Novartis_tonsil_Tris_10min","Novartis_tonsil_Tris_20min",0.0638295346871295,0.0894777421131245,0.025648207425995,0,0
"Granzyme B","Novartis_tonsil_Tris_40min","Novartis_tonsil_Citra_20min",0.0277780398889454,0.0494372206050663,0.021659180716121,0,0
"Ki67","Novartis_tonsil_Tris_40min","Novartis_tonsil_Citra_20min",0.0890096952977616,0.106112264816003,0.0171025695182419,1,1
"CD8","Novartis_tonsil_Tris_10min","Novartis_tonsil_Citra_20min",0.061047718999643,0.0771645164077216,0.0161167974080786,2,2
"ECadherin","Novartis_tonsil_Citra_20min","Novartis_tonsil_Tris_20min",0.11836126546998,0.129646663890158,0.0112853984201786,0,0
