"Staining_condition","CD11c","CD15","CD3","CD68","CD8","Granzyme B","HLADR","Ki67","ECadherin"
"Novartis_tonsil_Citra_20min",0.940405605299397,0.88697697415126,0.891189434415998,0.719445942464348,NA,0.947655240563677,0.785557147963682,NA,0.850195302715778
"Novartis_tonsil_Tris_10min",0.94300521043654,0.901900635890426,0.916531283488338,0.80760778287215,0.935955783828771,0.960329189854005,0.830643166638407,0.886417431508613,0.84722298316639
"Novartis_tonsil_Tris_20min",0.94293865980993,0.911296319088308,0.901595457714272,0.775104801371925,0.94218774494207,0.966545429954977,0.85939500085119,0.912267202435189,0.863920367270789
"Novartis_tonsil_Tris_40min",0.962924318368765,0.925183562090939,0.951291244639213,0.881373106409354,NA,0.98337300970659,0.901684230439683,0.942074902516428,0.865174044014302
