"Staining_condition","CD11c","CD15","CD3","CD68","CD8","Granzyme B","HLADR","Ki67","ECadherin"
"Novartis_tonsil_Citra_20min",-0.659997176124022,-1.20523257564848,-0.913131496946343,-1.13026661457562,NA,-1.1327382828394,-1.20299997986356,NA,-0.696314281609563
"Novartis_tonsil_Tris_10min",-0.411802329942823,-0.276293780541548,0.0525656218171714,0.173374677695588,-0.70710678118656,-0.279238849181352,-0.279991949034635,-0.975474101099018,-1.01804751182922
"Novartis_tonsil_Tris_20min",-0.418156188187885,0.308550259855072,-0.516591106849209,-0.307244018665814,0.707106781186535,0.139380263466587,0.308620100987364,-0.0473682741892725,0.789329936948812
"Novartis_tonsil_Tris_40min",1.48995569425475,1.17297609633494,1.37715698197838,1.26413595554584,NA,1.27259686855418,1.17437182791083,1.02284237528829,0.925031856489963
