"Staining_condition","CD68","CD31","CD11c","CD138","CD21","aSMA","CD45RA","GZMB","CD3","CD8","CD20","NaKATPase","HLADR","CD4","CK","FoxP3","CD11b","Ki67","Ecadherin","PD1"
"ASTAR_COMET_Tonsil_1",0.504753348752235,0.54036526257215,0.625923440030872,0.162069505853412,0.462364674146925,0.146092510654747,0.292300249253325,0.203688478311111,0.397706945775006,0.209421524635788,0.267630085414546,0.394273286894257,0.289497074115888,0.556703290944232,0.31111433681336,0.197283539925678,0.358221734708245,0.284538880068671,0.366189724217445,0.493295569342562
"ASTAR_COMET_Tonsil_2",0.666880879140845,0.764561576010146,0.663567909382482,0.378445208517688,0.551616384904705,0.249322317988007,0.256190183258199,0.281594924054446,0.437128987118361,0.37252333271416,0.279522610047951,0.468293124202533,0.267939870829157,0.563527159541505,0.396075628935543,0.33695446728819,0.438142817844318,0.507951002240706,0.403776169163695,0.712560106628977
"ASTAR_COMET_Tonsil_24",0.745967530892983,0.73713706252649,0.698030464694567,0.388662585678919,0.464571191721234,0.343305159336609,0.270057428267172,0.230874490901102,0.362846641151444,0.308511694650682,0.303141743063273,0.420256360935273,0.276294363831253,0.414921751974557,0.237195489078069,0.198287026472312,0.241594322091421,0.255317674785713,0.276639606746392,0.389788997513678
"ASTAR_COMET_Tonsil_3",0.646388900767462,0.85624308715208,0.799625112048961,0.321126319177302,0.619703366292316,0.291528050635341,0.283507441658535,0.314930580706849,0.44274441583758,0.282989761728052,0.335812282117586,0.430817422837784,0.30804547295052,0.479551350351063,0.303012477767123,0.20442718877068,0.28605791147742,0.254468893111504,0.343698260370065,0.448497996616679
