"Staining_condition","CD11c","CD138","CD20","CD3","CD31","CD4","CD45RA","CD68","CD8","FoxP3","CD21","aSMA","GZMB","NaKATPase","HLADR","CK","CD11b","Ki67","Ecadherin","PD1"
"ASTAR_COMET_Tonsil_1",0.332661474300037,0.549617467290113,0.552552883304723,0.430738933515339,0.258115317630286,0.343202259796406,0.570800277205067,0.270140054742371,0.490448259436179,0.438541460519655,0.385079707642507,0.482046214269608,0.358156109531988,0.343958397118322,0.475269937853054,0.40521848883736,0.349663887504734,0.448862126544969,0.36663131026009,0.306287089782132
"ASTAR_COMET_Tonsil_2",0.32502376476798,0.420248142690987,0.578641357346715,0.466611972336361,0.224383564145313,0.349384015249946,0.670037942755918,0.222024497195166,0.393649513903655,0.257872350093535,0.370802676310869,0.43621019877426,0.362906148037131,0.287356112445835,0.584380630976244,0.33645353551038,0.286121321744116,0.418620649831172,0.329889299679856,0.247957196658239
"ASTAR_COMET_Tonsil_24",0.306854409486521,0.40004637386865,0.544541381928398,0.414064959129848,0.204300928893827,0.462523245327481,0.635667138394487,0.189190318563024,0.428599290266327,0.50224791038749,0.368581692910286,0.368389225234189,0.402543083670105,0.35802588959792,0.521907539410352,0.449538820984513,0.453390894699653,0.406207759868346,0.431420033066539,0.396270325403104
"ASTAR_COMET_Tonsil_3",0.270855159714276,0.405820484775862,0.496576799929675,0.333332506774547,0.176815866973767,0.376447682560698,0.610736362230098,0.218996456368199,0.416696640520124,0.466243651783903,0.299171861969286,0.374682400431843,0.299621424133994,0.329216873234918,0.473528935235676,0.378466746707496,0.377771979526926,0.382509302675874,0.358202004527604,0.316054882683275
