"Staining_condition","CD11c","CD138","CD20","CD3","CD31","CD4","CD45RA","CD68","CD8","FoxP3","CD21","aSMA","GZMB","NaKATPase","HLADR","CK","CD11b","Ki67","Ecadherin","PD1"
"ASTAR_COMET_Tonsil_1",0.864506974459809,1.48921233989101,0.276642078644411,0.347010729817299,1.23297098086974,-0.721355065495013,-1.22023941877952,1.34522748764073,1.40469624991765,0.20520890152213,0.75719582111914,1.23582268023247,0.0553917235786426,0.46879553285992,-0.73852486265183,0.269762603689419,-0.24624956054355,1.26025992028286,-0.11430847622259,-0.169737151635787
"ASTAR_COMET_Tonsil_2",0.587224972398017,-0.333748149080499,1.03836651518655,0.98369397881675,0.247685609260735,-0.60899494731145,1.15367448561703,-0.0914690003324007,-0.935634640523182,-1.45621681056522,0.386601356022667,0.386750314505469,0.167382352208364,-1.38431933359086,1.35438797473849,-1.17957572058616,-1.16273797310656,0.165466791339335,-0.970675141025732,-1.12584323794981
"ASTAR_COMET_Tonsil_24",-0.0724014754878617,-0.618413980679855,0.0427243584314682,0.0510770555486375,-0.338916766612287,1.44743341810193,0.33147325863345,-1.07187433139399,-0.0906439251416642,0.791050795504924,0.328950424522404,-0.869574298950993,1.10189379536539,0.929354317694631,0.156056889240794,1.203888969195,1.24982789597775,-0.28390103451935,1.39575865375812,1.30521016329766
"ASTAR_COMET_Tonsil_3",-1.37933047136996,-0.537050210130655,-1.35773295226243,-1.38178176418269,-1.14173982351818,-0.117083405295463,-0.264908325470956,-0.18188415591434,-0.378417684252805,0.459957113538167,-1.47274760166421,-0.752998695786946,-1.3246678711524,-0.0138305169636867,-0.771920001327448,-0.294075852298256,0.15915963767236,-1.14182567710284,-0.310775036509799,-0.00962977371205735
