"Staining_condition","CD31","CD4","CD68","CD163","CD8a","PDL1","CD3e","CD45RO","PD1","aSMA","HLA ABC","Vimentin"
"Stanford_Orion_LymphNode_Citra_20min",1.23948160912827,1.40175675931503,-0.465792707591093,0.199138399151208,1.47190514454073,1.38051212560214,1.17478502520052,NA,1.49159579541781,1.48879702931701,1.39786258314983,0.813959850154915
"Stanford_Orion_LymphNode_Tris_10min",0.371999788642041,-0.0231894015407055,1.49444831609805,1.32618955440648,-0.448592180425521,-0.812681352422658,0.341020784635304,0.861769920785266,-0.492095032664073,-0.369527474230592,-0.0113957468484632,0.839473344723048
"Stanford_Orion_LymphNode_Tris_20min",-0.689841280846951,-0.483959229039636,-0.615804904158439,-0.624366325290519,-0.278551795411777,-0.653049100171382,-0.336742993218507,-1.09647826919487,-0.370360322742929,-0.458267418857215,-0.48743595521478,-0.462139307366553
"Stanford_Orion_LymphNode_Tris_40min",-0.921640116923362,-0.894608128734687,-0.412850704348522,-0.900961628267176,-0.744761168703428,0.0852183269919029,-1.17906281661732,0.234708348409611,-0.629140440010811,-0.661002136229198,-0.899030881086583,-1.19129388751141
