"Staining_condition","CD31","CD4","CD68","CD163","CD8a","PDL1","CD3e","CD45RO","PD1","aSMA","HLA ABC","Vimentin"
"Stanford_Orion_LymphNode_Citra_20min",0.306098905383327,0.404119812599369,0.373336100582613,0.257918094278185,0.310564150389856,0.21217298821611,0.474253715186293,NA,0.184148143117398,0.194779951174286,0.527968382750311,0.3810327547616
"Stanford_Orion_LymphNode_Tris_10min",0.33814392265084,0.555652315016927,0.365002865555198,0.290272078984508,0.430359152538091,0.50257956392648,0.53004601853269,0.80238115721771,0.454295483444231,0.2858103483323,0.536840868989498,0.365652466597715
"Stanford_Orion_LymphNode_Tris_20min",0.42714459489223,0.624675490881783,0.46742690606056,0.382352564035703,0.449529252003136,0.48826286682806,0.584820987996207,0.819325025217673,0.445694050137521,0.310641431034558,0.583571508231136,0.475830608416944
"Stanford_Orion_LymphNode_Tris_40min",0.449217439674592,0.68137062598717,0.471941260546819,0.415327090266853,0.477756742768137,0.472180370631449,0.66317760902895,0.864064675872656,0.529528344158163,0.341873601178536,0.635661574732962,0.53439890308278
