"Staining_condition","CD11c","CD138","CD15","CD20","CD3","CD31","CD45","CD45RA","CD68","CD8","Granzyme B","H3K27ac","H3K27me3","Pax5","Tox/Tox2","CD11b","Ki67","HLADRA","pS6","FOXP3","PD1","IDO1","NaKATPase","CK"
"BIDMC_tonsil_30",0.473289091609182,0.358688642465936,1.02291405231388,0.496503074074519,0.510757219150148,0.60531765897088,0.433200003190593,0.334616038034822,0.383064278573192,0.551901234371949,0.412358502678625,0.481027420894924,0.545278284810676,0.41210274772521,0.381099473837519,0.543212544476436,0.422430359528189,0.480744956585114,0.21775818025674,0.417691226012751,0.479168590657103,0.419665114794528,0.443206208644738,0.576570793329297
"BIDMC_tonsil_31",0.646498121020314,0.913445006550896,0.460138060887974,0.697242237284389,0.871046329857206,0.663576626279735,0.932205396217729,0.935650467533237,0.673224606201926,0.703821660280892,0.705626346563447,0.695151471272793,0.898151705172661,0.692983032938032,0.820509275903097,0.630828748737078,0.777857113791475,0.829354755605724,1.0461865762555,0.637419329528674,0.628163823522518,0.638969103461715,0.701281353637171,0.944639550231145
"BIDMC_tonsil_32",0.370449318228855,0.147450459057407,-0.174870066927827,0.284837054425162,0.0252388647228783,0.19868257093147,0.0283405142187062,0.141333685375821,0.431583978582598,0.212263574304437,0.364887129957576,0.304569127824446,-0.0681669712712525,0.380017710933863,0.253477758113621,0.312364905368873,0.264768366553211,0.126894626630464,0.0957971075141546,0.437483969060139,0.385140251877857,0.43381488395858,0.337933901938174,-0.204645737225375
"BIDMC_tonsil_33",-1.49023653085835,-1.41958410807424,-1.30818204627403,-1.47858236578407,-1.40704241373023,-1.46757685618208,-1.39374591362703,-1.41160019094388,-1.48787286335771,-1.46798646895728,-1.48287197919965,-1.48074801999216,-1.37526301871208,-1.48510349159711,-1.45508650785424,-1.48640619858239,-1.46505583987288,-1.4369943388213,-1.3597418640264,-1.49259452460156,-1.49247266605748,-1.49244910221482,-1.48242146422008,-1.31656460633507
