"Staining_condition","CD68","CD31","CD11c","CD138","aSMA","CD45RA","GZMB","CD3","CD8","CD20","HLADR","CD4","CK","CD11b","Ecadherin"
"ASTAR_COMET_CRC_1",0.44561434712854,0.378409561772357,0.313998477311605,0.257137178359236,0.363083179819702,0.300519791732071,0.224332046428001,0.153463184762615,0.218215075356214,0.119671856635315,0.204935218711348,0.320575217727877,0.232034783103375,0.237062842143076,0.274316910440317
"ASTAR_COMET_CRC_2",0.390283242575326,0.50464749007293,0.309813983260797,0.362664833211794,0.463228041260601,0.234197677433517,0.208706826405071,0.201969953245815,0.343555193853304,0.158643562208594,0.2257341119871,0.334889700797299,0.267869195585196,0.241371492795522,0.304889547847086
"ASTAR_COMET_CRC_24",0.748389956176401,0.712174944256655,0.332661182109541,0.415576480751227,0.592792930643474,0.179669496846598,0.180874326167447,0.138608996785759,0.257903720690129,0.125559352720601,0.165002927566839,0.283974588653262,0.200998438872097,0.172812819221714,0.22729405049016
"ASTAR_COMET_CRC_3",0.742344614315933,0.638884020287236,0.447270172726852,0.30782646368623,0.541247267372459,0.365686446470748,0.278122029134445,0.205208896006602,0.375880158970602,0.176622174211313,0.205779854803636,0.292099217925235,0.272549324795167,0.275428642835822,0.300170802206744
