"Staining_condition","CD11c","CD138","CD20","CD3","CD31","CD4","CD45RA","CD68","CD8","aSMA","GZMB","HLADR","CK","CD11b","Ecadherin"
"ASTAR_COMET_CRC_1",-0.56838900328318,-1.14921288039853,-0.93871862750842,-0.6315856578546,-1.21982735296381,0.531362573177625,0.378045117680731,-0.714530218029626,-1.10086230606315,-1.26968165959649,0.0323509485284189,0.179599875828903,-0.337716253311775,0.125949144813678,-0.0661233902915123
"ASTAR_COMET_CRC_2",-0.632779444253587,0.392453532493139,0.498611250579882,0.803392895226059,-0.364903109723447,1.13072104681424,-0.443973536072612,-1.00514086929538,0.609516903001682,-0.268520923426446,-0.349659057294886,0.996599669551455,0.730583589790673,0.226557532046554,0.793781988147757
"ASTAR_COMET_CRC_24",-0.28120977037025,1.1654462610464,-0.721579708232772,-1.07101796465935,1.04054019965328,-1.00113406466195,-1.11981419754343,0.875711250006891,-0.559274866789638,1.02675552081627,-1.03011626444133,-1.38897750929412,-1.26297550486416,-1.37430968497191,-1.3887181551051
"ASTAR_COMET_CRC_3",1.48237821790702,-0.408686913141007,1.16168708516131,0.899210727287887,0.544190263033971,-0.660949555329911,1.18574261593531,0.843959837318118,1.0506202698511,0.511447062206662,1.34742437320779,0.212777963913758,0.870108168385261,1.02180300811168,0.661059557248853
