"Staining_condition","CD11c","CD138","CD20","CD3","CD31","CD4","CD45RA","CD68","CD8","aSMA","GZMB","HLADR","CK","CD11b","Ecadherin"
"ASTAR_COMET_CRC_1",0.395484933216444,0.575318346358889,0.570686089228493,0.59877286944608,0.33901223576619,0.406627932309634,0.33735927475461,0.311259701807773,0.508257650364364,0.361577955616882,0.470494754508167,0.494999045314709,0.647240424525568,0.454571668735163,0.604990126924581
"ASTAR_COMET_CRC_2",0.415310618311311,0.51915569903123,0.523187783583164,0.580912307072673,0.303892908867024,0.457449779356944,0.430977876765516,0.358052089549683,0.404437674409396,0.319467798712567,0.503312752608321,0.529763480037142,0.671372879255603,0.478373447058126,0.654984991014757
"ASTAR_COMET_CRC_24",0.373000576127002,0.413513131809703,0.581554397834725,0.625250805476022,0.203506260358285,0.483267935611997,0.507796591714251,0.1877619453692,0.431225226256342,0.251200320583604,0.56617014804742,0.534787450957468,0.641642658783592,0.585601395828301,0.593001369292249
"ASTAR_COMET_CRC_3",0.315285688121363,0.511921291344337,0.47131012727468,0.477422964890199,0.229330929080853,0.408616025382977,0.313770634595265,0.195969603468324,0.373583495418131,0.288234293399438,0.435270260607671,0.47622178435971,0.546481578329811,0.393228161046562,0.542912343598794
