Staining_condition,CD8,CD3e,CD20,CD34,CD45,CD4,MHCII,Iba1,S100b,Vimentin
Roche_10,0.18359236237272233,0.5869995323681393,0.34640135832141805,0.1673143226610636,0.46293188869580487,0.23414857015257923,0.20487038308121278,0.1567860726137055,0.2548083364937078,0.13679886328460672
Roche_14,0.18254610185393047,0.2843739997025503,0.2684386081187791,0.16678448514138713,0.3553372499183927,0.1857615383468214,0.20349435208808536,0.15654242912679345,0.21103345301073484,0.12764886144381407
Roche_18,0.19802414913693878,0.2346782419692395,0.2571615901727085,0.1766804051224292,0.4414064528703256,0.2206907923875186,0.2681313499194319,0.20771012897056898,0.3167314505427622,0.18676907711395152
Roche_22,0.15471744603303536,0.2252395848987462,0.35112288526018043,0.15129555434152167,0.32372730848265535,0.16740374932805882,0.18032481729673955,0.1375362474249974,0.18674559821126566,0.12238246224784921
Roche_2,0.17916020942670652,0.5331841307331873,0.3732390484396506,0.14616595742585342,0.4464201061040522,0.17874921208399758,0.19406782939217107,0.1433501103284172,0.20473951086673933,0.11705307589916736
Roche_6,0.18504386730067604,0.4704972832094056,0.3852827074227444,0.17767857956245556,0.3854880765862055,0.1987159671651284,0.203427666405567,0.15821466194784625,0.20518083036234225,0.12880801940852477
