"Staining_condition","CD3","CD45RA","CD8","CD68","CD11c","HLADR","Ki67","GranzymeB","ECadherin","CD15"
"Novartis_Tonsil_slide1",0.461487637876307,0.0784508250233168,0.244712334699274,0.0997618968037502,0.264868587013458,0.121459733417324,0.358616127153049,0.146877361877812,0.659165245781131,0.219106038908114
"Novartis_Tonsil_slide2",0.291286381867704,0.053188008491884,NA,0.0649233575182353,0.19353146574731,0.0929549418425033,0.276212363500895,0.0972115082435929,0.655000407924591,0.175727325182573
"Novartis_Tonsil_slide24",0.481322907257674,0.0838115920176299,NA,0.113309969245285,0.245839222637448,0.152366605269557,NA,0.177572498233396,0.73186931215395,0.298825804448771
"Novartis_Tonsil_slide3",0.436244102642008,0.0713195607418606,0.262737890725917,0.0938175556162503,0.256468797439311,0.128360290544295,0.426515844720738,0.142362269115567,0.792541663809522,0.256435820576202
