"Staining_condition","CD31","CD4","CD68","CK","CD163","CD8a","PDL1","CD3e","CD45RO","PD1","aSMA","HLA ABC","Vimentin"
"Stanford_Orion_Endometrium_Citra_20min",0.182198474424093,NA,0.15777292198511,-0.175699653998665,0.292473733820153,-0.91889598105578,NA,-0.469112922982081,NA,NA,-0.445468482119716,-0.772714629149811,-0.969200981239882
"Stanford_Orion_Endometrium_Tris_10min",-1.11910020248219,-0.945962250624722,-0.891262524477394,-0.991038914360574,-1.07752576216767,-0.63872302746954,-0.876279701483522,-0.922732748635273,NA,-0.89592735688078,-0.916328682539183,-0.887378258369937,-0.622854744623072
"Stanford_Orion_Endometrium_Tris_20min",-0.330149796095502,-0.100487762505241,-0.610945159597356,-0.224817593454285,-0.457545748468671,0.261811156915214,-0.213090072999434,0.00314576008834903,-0.707106781186547,-0.182897343017161,-0.0383558295991292,0.485432361870161,0.345816408202884
"Stanford_Orion_Endometrium_Tris_40min",1.2670515241536,1.04645001312996,1.34443476208964,1.39155616181352,1.24259777681619,1.29580785161011,1.08936977448296,1.38869991152901,0.707106781186547,1.07882469989794,1.40015299425803,1.17466052564959,1.24623931766007
