"Staining_condition","CD3","CD8","CD68","CD11c","HLADR","Ki67","Granzyme B","ECadherin","CD15"
"Novartis_tonsil_Citra_20min",0.0837777980182873,NA,0.11246175490507,0.0651338233118347,0.10942194537227,NA,0.0494372206050663,0.11836126546998,0.0584119023931464
"Novartis_tonsil_Tris_10min",0.081263272535121,0.061047718999643,0.0895808607536391,0.0638295346871295,0.0870124083620722,0.0986722254384447,0.031264159751305,0.125842524828859,0.0358965051954202
"Novartis_tonsil_Tris_20min",0.130194183073508,0.0771645164077216,0.103673680045644,0.0894777421131245,0.0881990299617924,0.106112264816003,0.0441651665992638,0.129646663890158,0.0461552097764989
"Novartis_tonsil_Tris_40min",0.0756648685704915,NA,0.0572297605274514,0.0709907196770247,0.0620846956131674,0.0890096952977616,0.0277780398889454,0.121826432259428,0.0301492294569141
