"Staining_condition","CD11c","CD15","CD3","CD68","CD8","Granzyme B","HLADR","Ki67","ECadherin"
"Novartis_tonsil_Citra_20min",-0.610638908029701,1.26904361012531,-0.35492863626753,0.896087658485826,NA,1.09423952804334,1.17465240202883,NA,-1.1363030761165
"Novartis_tonsil_Tris_10min",-0.720887367185396,-0.544115966996001,-0.454677591880505,-0.0476665216634253,-0.707106781186547,-0.669289313537134,0.0171937824387001,0.0863909865725021,0.393212055945606
"Novartis_tonsil_Tris_20min",1.44709546672196,0.282015071097324,1.48636745064188,0.533611335263589,0.707106781186548,0.582635051041972,0.0784831075221632,0.954001803179835,1.17095387448311
"Novartis_tonsil_Tris_40min",-0.115569191506868,-1.00694271422663,-0.676761222493848,-1.38203247208599,NA,-1.00758526554818,-1.27032929198969,-1.04039278975234,-0.42786285431222
