"Staining_condition","CD11c","CD138","CD20","CD3","CD31","CD4","CD45RA","CD68","CD8","Granzyme B","CD21","aSMA","NaKATPase","HLADR","CK","FOXP3","CD11b","Ki67","ECad","PD1"
"ASTAR_Tonsil_Citra_20min",0.288496376344691,0.839268194825136,0.237980853842828,-1.14223729541749,0.375548211594874,-1.17287111337729,-0.330579573269849,1.15243665449489,0.350260587951147,-0.345724449647122,-0.653952901546742,1.11242333552342,-0.221897254856908,-0.406622843205538,-1.11214266667133,-0.442295651711449,-0.974660911257185,-0.49180097264746,-1.3087486577903,-0.810335818069562
"ASTAR_Tonsil_Tris_10min",1.23667873470538,-0.0373760269619497,1.27478134142962,1.01483483252117,0.755097952907114,-0.46417419049908,0.387541313763214,-0.1390372667964,-0.244719029343468,1.15898628598419,1.25898132788459,0.32181071558045,0.0684011193312294,1.20788163600308,-0.0921876933758226,-0.509876159383544,-0.551040944854489,-0.593565401709946,-0.075087999722233,-0.472122668488893
"ASTAR_Tonsil_Tris_20min",-1.09748753184645,-1.39410176289722,-1.05140051650926,-0.509573802843,-1.47351090633582,0.632838768943745,1.14175554944025,-1.26137486778985,-1.23849009830574,-1.18333162841528,-0.9366600640022,-1.27856093603973,-1.13451209490878,0.32554964153618,-0.115272730214505,-0.546431888832502,0.223171899238761,-0.41041749845295,0.289403238547178,-0.164409063586688
"ASTAR_Tonsil_Tris_40min",-0.427687579203619,0.59220959503403,-0.461361678763189,0.636976265739318,0.34286474183383,1.00420653493263,-1.19871728993362,0.247975480091355,1.13294853969806,0.370069792078216,0.331631637664347,-0.155673115064141,1.28800823043446,-1.12680843433373,1.31960309026166,1.49860369992749,1.30252995687291,1.49578387281036,1.09443341896536,1.44686755014514
