"Staining_condition","CD11c","CD138","CD20","CD3","CD31","CD4","CD45RA","CD68","CD8","Granzyme B","CD21","aSMA","NaKATPase","HLADR","CK","FOXP3","CD11b","Ki67","ECad","PD1"
"ASTAR_Tonsil_Citra_20min",0.33856470596884,0.459408696422795,0.580174898996134,0.442580529909803,0.241717399418314,0.490578985056874,0.673428341444698,0.234074102473909,0.461150458758178,0.418252579790815,0.41670579569829,0.402774985844573,0.382443344780273,0.563835515706334,0.512087151262164,0.523458842490971,0.494943889728679,0.437072830873988,0.467377633734341,0.455206109291467
"ASTAR_Tonsil_Tris_10min",0.309196332707802,0.49032516746367,0.53597113647583,0.365354408921568,0.225173393539837,0.414695204249248,0.649404632177323,0.285650393357012,0.465698254891683,0.33078152249408,0.344466451175283,0.425107744583273,0.349834416739021,0.521386641661871,0.449315871263557,0.504225808344208,0.425156580254508,0.424861636025291,0.399644974341676,0.376117717327987
"ASTAR_Tonsil_Tris_20min",0.374214437446695,0.630576596785855,0.587893651766345,0.463452594254135,0.319604958669918,0.375223826300527,0.609483592239845,0.343963034445567,0.53799597679689,0.389179280596325,0.441419612201887,0.53886897481683,0.361900628938,0.519658124624504,0.470057356186691,0.471034242092216,0.391315525382704,0.489898163771117,0.401814317817424,0.365215433657493
"ASTAR_Tonsil_Tris_40min",0.358743353488878,0.485843594309168,0.610783327685713,0.495507210155791,0.265976071195093,0.373364325171849,0.703414504551066,0.276883052210297,0.42946237496833,0.376813474538728,0.416227591057818,0.484623042208296,0.302034608559814,0.624036030751297,0.384859201974833,0.271519668791126,0.319049879668958,0.446829601808271,0.35225025273284,0.291691053859772
