"Staining_condition","CD11c","CD138","CD20","CD3","CD31","CD4","CD45RA","CD68","CD8","Granzyme B","CD21","aSMA","NaKATPase","HLADR","CK","FOXP3","CD11b","Ki67","ECad","PD1"
"ASTAR_Tonsil_Citra_20min",-0.235572475670795,-0.739645158476738,0.0469158111325666,0.0154746250905136,-0.519206516524534,1.40644438446936,0.365263679944769,-1.12917263991706,-0.270897833151061,1.08517841122464,0.286783377121352,-0.979333199037891,0.978776820309228,0.134824593512854,1.09400140335379,0.697019627657318,1.19415792285789,-0.445172238261402,1.31300377261834,1.24246496329346
"ASTAR_Tonsil_Tris_10min",-1.28143474256969,-0.339377501511329,-1.36469093938886,-1.37923098146525,-0.920586534227738,0.0224265927517218,-0.240092723940643,0.0112267712246921,-0.171754293632025,-1.3181542398762,-1.43950264568661,-0.615229902512215,0.022898651137797,-0.731474704786525,-0.0898482223176175,0.531309682959319,0.239852074845074,-0.876856720628462,-0.118958803407356,0.0606695049385751
"ASTAR_Tonsil_Tris_20min",1.03398061282908,1.4764219448944,0.293407125328549,0.392424610262837,1.37045129313199,-0.697478092587182,-1.24603468348375,1.30057310499322,1.40436122219711,0.286367794447625,0.877363431274714,1.2394822461072,0.376600214433678,-0.766750389484333,0.301330660169183,0.245334388261292,-0.222907083093785,1.42228436775601,-0.0730958666842056,-0.102240234501268
"ASTAR_Tonsil_Tris_40min",0.483026605411412,-0.397399284906341,1.02436800292774,0.971331746111895,0.0693417576202824,-0.7313928846339,1.12086372747962,-0.182627236300857,-0.961709095414026,-0.0533919657960749,0.275355837290547,0.355080855442901,-1.37827568588071,1.36340050075801,-1.30548384120536,-1.47366369887793,-1.21110291460918,-0.100255408866146,-1.12094910252678,-1.20089423373077
