"Staining_condition","CD11c","CD138","CD20","CD3","CD31","CD4","CD45RA","CD68","CD8","FoxP3","CD21","aSMA","GZMB","NaKATPase","HLADR","CK","CD11b","Ki67","Ecadherin","PD1"
"ASTAR_COMET_Tonsil_1",-0.949713967523241,-1.43822399268749,-0.961215968618696,-0.332083614136443,-1.38557831233162,0.753613173539283,1.06247632291904,-1.35612494231152,-1.24442762826683,-0.539085536614554,-0.820230062636158,-1.33234955969052,-1.08289077529524,-1.11179206053709,0.231767906264369,-0.0112784455180108,0.316157061875224,-0.335244679304558,0.348628602519423,-0.125926637658702
"ASTAR_COMET_Tonsil_2",-0.445200592795047,0.629440433345933,-0.565623176970261,0.723692460943197,0.300752756869884,0.850592414526926,-1.22306650338391,0.257631829572133,1.17358840833651,1.49840772838385,0.356744896133313,-0.0984856813866724,0.476992604358618,1.29894238076098,-1.00100224552403,1.29217810252691,1.24451489721792,1.49018307768874,1.05260742325689,1.43050476726244
"ASTAR_COMET_Tonsil_24",0.0166685843172471,0.727076660627981,0.22004337019858,-1.26569015345762,0.0944745695257601,-1.2613532402092,-0.345356051258935,1.04483076811577,0.224603420430279,-0.524446863277929,-0.791132402669787,1.0248529754999,-0.538558290433853,-0.265555514236675,-0.523242237914524,-1.14532435863738,-1.03857898611138,-0.574001639749334,-1.32860866172106,-0.860659581726906
"ASTAR_COMET_Tonsil_3",1.37824597600104,0.0817068987135803,1.30679577539038,0.874081306650866,0.990350985935974,-0.342852347857011,0.505946231723807,0.0536623446236117,-0.15376420049996,-0.434875328491371,1.25461756917263,0.405982265577299,1.14445646137047,0.0784051940127792,1.29247657717418,-0.135575298371526,-0.522092972981763,-0.58093675863485,-0.0726273640552474,-0.443918547876832
