"Staining_condition","CD11c","CD138","CD20","CD3","CD31","CD4","CD45RA","CD68","CD8","Granzyme B","aSMA","HLADR","CK","CD11b","ECad"
"ASTAR_Colorectal_Citra_20min",0.0376083301384761,-1.34838543817169,0.923349350679758,0.881906455861581,-1.04223357925216,1.23789898264856,1.23835561883095,-0.903307687943379,0.0643384491770312,1.37174342344155,-1.15772307281214,1.03992628439766,0.361405815918722,1.34158890803281,-0.0621238603554409
"ASTAR_Colorectal_Tris_10min",-1.40951813735404,0.178617716754496,-1.25132119230008,-1.41874999642479,-0.598615129227657,-0.756894353458652,-0.936094897681293,-0.793899287612434,-0.905078981464182,-0.978529644209337,-0.302402952825246,-1.15920810211131,-1.4855611314538,-1.06117389599372,-1.28810152368939
"ASTAR_Colorectal_Tris_20min",0.497837952740684,1.06746761528037,0.677716631324948,0.449099601284879,1.14385661243245,-0.864615413243351,-0.672916203651235,0.610377352463996,1.37516612913053,-0.400924262298118,1.23118462252495,-0.473123496391792,0.438321093879117,-0.27198928551959,0.213928999344487
"ASTAR_Colorectal_Tris_40min",0.87407185447488,0.102300106136829,-0.34974478970462,0.0877439392783356,0.496992096047359,0.383610784053437,0.370655482501583,1.08682962309182,-0.534425596843381,0.00771048306590269,0.228941403112428,0.592405314105449,0.685834221655964,-0.00842572651949527,1.13629638470034
