"Staining_condition","CD11c","CD138","CD20","CD3","CD31","CD4","CD45RA","CD68","CD8","Granzyme B","aSMA","HLADR","CK","CD11b","ECad"
"ASTAR_Colorectal_Citra_20min",0.452889333201057,0.468459147208159,0.591226871187108,0.643928107547451,0.271316623131301,0.511012896982049,0.549457874618327,0.252419302323235,0.460837148254931,0.579541297694644,0.303799496911702,0.536581102550362,0.632804373103514,0.584099716382829,0.56237242681787
"ASTAR_Colorectal_Tris_10min",0.385344265203205,0.574769057411128,0.46198449694943,0.472205829627578,0.303262008666114,0.438097164750104,0.323531522709963,0.263002924664307,0.398880301607336,0.433831946740248,0.348473270303317,0.463844144883755,0.517583331208952,0.355417392652801,0.501701612704708
"ASTAR_Colorectal_Tris_20min",0.474370690809805,0.636650758566338,0.576628726221033,0.611623163063721,0.428739052210573,0.434159634075207,0.350875903182502,0.398845634876703,0.544614009472066,0.469641617737402,0.428573272882983,0.486536576609654,0.637602649800785,0.430527832298682,0.576033647765987
"ASTAR_Colorectal_Tris_40min",0.491931522600662,0.569455827831022,0.5155658889466,0.5846513753562,0.382157724577399,0.479786078438915,0.459303454058911,0.444935248476919,0.422569286542519,0.494975654170844,0.376225636692683,0.521779226834737,0.653043489446346,0.455612425343694,0.621679487698165
