"Staining_condition","CD20","CD4","CD45","CD68","CD8","CD3e","CD34","Iba1","Ki67","S100b","PanCytokeratin","Vimentin"
"Roche_intestine_1",0.72574692805155,-0.0263664267167132,-0.322824477883642,0.893938976163234,0.169673132110294,-0.261384713409045,-0.346175496958131,-0.397779785632266,-0.431590744167337,-0.578279062313913,1.23952367968613,0.623976472887275
"Roche_intestine_2",-0.523674035235439,-0.110075669343969,-0.0600459151703507,-0.552497424224465,-0.436233593142974,-0.321586763675943,0.00392253595618314,-0.526037733691363,-0.0927488826312655,0.127474531640228,-0.875378733778292,-0.807044504687438
"Roche_intestine_24",0.942668534474578,1.28844232627703,1.37863441645848,0.787748977446544,1.30489963133737,1.44438038105697,1.3588929967743,1.495914596292,1.41708562249624,1.35405881350251,0.379617988568688,1.0770733546896
"Roche_intestine_3",-1.14474142729069,-1.15200023021635,-0.995764023404489,-1.12919052938531,-1.03833917030469,-0.861408903971986,-1.01664003577236,-0.57209707696837,-0.89274599569764,-0.903254282828826,-0.743762934476526,-0.894005322889439
