"Staining_condition","CD20","CD4","CD45","CD68","CD8","CD3e","CD34","Iba1","Ki67","S100b","PanCytokeratin","Vimentin"
"Roche_intestine_1",0.415506787916339,0.442368812208697,0.470962316974323,0.381990207641969,0.266881005233954,0.570244643073086,0.496641875151609,0.460122826115531,0.448581818615653,0.587870512779017,-0.819911077385171,-0.199330798348603
"Roche_intestine_2",0.558653996977542,0.570335429110389,0.482368687515227,0.503319953501102,0.603316879895822,0.680413515196919,0.68180776473163,0.749320219609207,0.239283335575246,-0.101494868735378,1.08469219273309,0.772366186470046
"Roche_intestine_24",-1.49722028460147,-1.49787680317978,-1.49918565931614,-1.49357502637181,-1.48060386647389,-1.47084240870473,-1.48200509608102,-1.46942666131891,-1.46307032602282,-1.36698193534194,-0.879429429715611,-1.33521520259397
"Roche_intestine_3",0.523059499707591,0.485172561860693,0.545854654826588,0.60826486522874,0.61040598134411,0.22018425043472,0.303555456197779,0.259983615594175,0.775205171831917,0.880606291298297,0.614648314367697,0.762179814472526
