"Staining_condition","CD68","FOXP3","MHCII","CD20","CD206","CD45","CD4","CD8","CD86","Ki67","aSMA","PDL1","Vimentin","CD27","CK","Granzyme B","CD3","PD1"
"UK_Tonsil_Citra_20min",0.46019945145731,0.200226710723828,0.323163588280882,0.425274949303676,0.155636227277668,0.215639126922717,0.348246479340253,0.364985548572677,0.274186713864821,0.520154169634159,0.321554668553311,0.334146800437141,0.248969815627019,0.242804905405928,0.483586880318694,0.345336399821699,0.375273478577405,0.349836833733623
"UK_Tonsil_Tris_10min",0.275453736927363,0.216416785860234,0.300562148880588,0.417670187644485,0.105372010606001,0.187053319708343,0.391357570308102,0.238864907116808,0.273846905205832,0.547985079303144,0.199194537328894,0.364437543853385,0.250699458885886,0.276100953636243,0.330268754494259,0.272792883985677,0.388250765488245,0.382648923751414
"UK_Tonsil_Tris_20min",0.235929688968902,0.218125403175039,0.27060777416591,0.382237529999553,0.0766765296887639,0.177245545417636,0.324815245465674,0.242822035145218,0.244973129894522,0.46223310757032,0.172303115907112,0.29726381136508,0.221052736383171,0.254272734958479,0.307065140362075,0.244419740286523,0.34416217587495,0.323436367821995
"UK_Tonsil_Tris_40min",0.286614091221894,0.433967267929876,0.289077470757716,0.42551523824169,0.15236660946138,0.239868969985978,0.422963522705346,0.28969745087968,0.395926561222575,0.479183922284428,0.233090030568947,0.441762160775835,0.243813589482953,0.380316687318262,0.367622105621726,0.379350884638377,0.448449694187432,0.455844085990541
