"Staining_condition","CD20","CD3","CD4","CD45","CD68","CD8","Granzyme B","FOXP3","MHCII","CD206","CD86","Ki67","aSMA","PDL1","Vimentin","CD27","CK","PD1"
"UK_Tonsil_Citra_20min",-0.472393558389206,0.399922256424829,0.412800706952261,-0.222596979307534,-1.36735973767865,-1.30972295136692,-0.252753318015107,0.382964874107408,-0.663479575838731,-0.802329301570272,0.598686449712955,-0.76104350846381,-1.36031871942943,0.505193879200762,-0.926180601316326,0.840778608524104,-1.38404827806551,0.895933891852834
"UK_Tonsil_Tris_10min",-0.300778808306557,-0.651054724052578,-0.717480107291528,0.457135431777247,0.330071287363281,0.324569343886373,0.282980068095861,0.47273318993175,0.141435856964513,0.245899369933825,-0.087485001256212,-0.936821829150711,0.383791330368567,-0.275790834008372,-0.791960757648238,-0.00951858137828812,0.290082978948456,-0.365532245093292
"UK_Tonsil_Tris_20min",1.47916997422049,1.21750400149033,1.21732869154117,1.0476285458837,1.01027245281294,1.0816509571819,1.17978854835806,0.636047496768974,1.35727135854796,1.31286322906942,0.863161415154518,0.623317635713975,1.00082311816382,1.03473435680798,0.719459097945751,0.571158745912016,0.99524718723252,0.715366789226283
"UK_Tonsil_Tris_40min",-0.70599760752472,-0.966371533862584,-0.912649291201898,-1.28216699835341,0.0270159975024281,-0.0964973497013476,-1.21001529843882,-1.49174556080813,-0.835227639673733,-0.756433297432972,-1.37436286361126,1.07454770190055,-0.0242957291029514,-1.26413740200037,0.998682261018811,-1.40241877305783,0.0987181118845349,-1.24576843598583
