"Staining_condition","CD8","CD3e","CD20","CD34","CD45","CD4","Iba1","Ki67","S100b","PanCytokeratin","CD68","Vimentin"
"Roche_intestine_1",0.346697840409222,0.170029850272143,0.258062913558452,0.176046458413205,0.240062964209328,0.149235513358688,0.139181723337656,0.461925942733105,0.630821342920592,0.552603348778144,0.158819634909859,0.390437838961389
"Roche_intestine_2",0.30857136789095,0.168913255165646,0.193132559198064,0.184984613036954,0.256843667651738,0.146876001076763,0.130202231235653,0.522598919632749,0.791502641490229,0.264044265926505,0.121934140646608,0.210895184833801
"Roche_intestine_24",0.418131577849095,0.201667459769981,0.269335972989453,0.219577596575281,0.348715956411578,0.186296025480219,0.271761528358869,0.792949677465939,1.07076321756537,0.435277085406358,0.156111689653898,0.447285514858912
"Roche_intestine_3",0.270684081310397,0.158900925725689,0.160856707397292,0.15892920794545,0.197089904187016,0.11750727522214,0.126977561611368,0.379351547124466,0.556833139555264,0.282002037449915,0.107227921820558,0.199984669649352
