"Staining_condition","Vimentin","SMA","MastCellTryptase_MastCellChymase","HLADR","HLA1ABC","GranzymeB","CD163","CD68","CD45","CD31","CD14","CD8","CD4","CD3e","Calprotectin"
"Stanford_MIBI_Liver_1",0.633958681436261,1.03122712244574,0.511539207907942,0.568863182320011,0.500567349842046,1.45245822712178,0.462780319530937,0.711410779963597,0.47522599545494,0.894100214663639,0.370389345898615,1.11714678794551,0.666278908515343,0.622149911496049,1.34955705370746
"Stanford_MIBI_Liver_2",0.663389670911658,0.95183653876046,0.316836463857072,0.686002171342082,0.679434213538827,1.77292370162451,0.652268984650878,0.655496320541947,0.518768094696898,0.864469181231849,0.454976526850886,1.08118487842685,0.617627313748227,0.602217691189754,1.40100470318908
"Stanford_MIBI_Liver_24",0.652398421953755,1.14771456912887,0.491140278139958,0.804447889103136,0.638367802376621,1.43522000970469,0.566487596650528,0.678073245737765,0.57874495860385,NA,0.348997782741916,NA,0.755617705978298,NA,1.38064244758166
"Stanford_MIBI_Liver_3",0.694480016945384,0.807975940863842,0.431612958483462,0.680138746929428,0.607552374737133,1.84276228936411,0.518220184185687,0.681901504189919,0.473504758907099,0.884370951334345,0.368643347241252,1.43556200888554,0.763002136823692,NA,1.40027208941575
