"Staining_condition","CD31","CD4","CD45","CD68","CD8","Vimentin","SMA","MastCellTryptase_MastCellChymase","HLADR","HLA1ABC","GranzymeB","CD163","CD14","CD3e","Calprotectin"
"Stanford_MIBI_Liver_1",0.868665764331591,-0.486088692142965,-0.73487043559039,1.29269475581634,-0.482704890934476,-1.06785862223788,0.326235481539243,0.843224033878851,-1.20545462657223,-1.38444382342608,-0.817073939155152,-1.08531193469559,-0.325764702975083,0.707106781186548,-1.38066374890815
"Stanford_MIBI_Liver_2",-1.09316885751069,-1.17450775605803,0.14576365766954,-1.14178001263183,-0.667078614768459,0.0919360814329714,-0.23029257529562,-1.38270809404987,0.0118381436142825,0.953615954571893,0.693133201130279,1.27421976775595,1.46793350149647,-0.707106781186548,0.751656809998612
"Stanford_MIBI_Liver_24",NA,0.778053451915065,1.35878903041908,-0.158797161561322,NA,-0.341198942408499,1.14281257845556,0.610014002005583,1.24271026479091,0.416816000792593,-0.898309769846349,0.206061393538648,-0.779379636030503,NA,-0.0922856576340876
"Stanford_MIBI_Liver_3",0.224503093179106,0.882542996285924,-0.769682252498233,0.00788241837680671,1.14978350570293,1.31712148321341,-1.23875548469919,-0.0705299418345632,-0.0490937818329639,0.0140118680615993,1.02225050787122,-0.394969226599006,-0.362789162490883,NA,0.72129259654362
