"Staining_condition","CD20","CD4","CD45","CD68","CD8","CD3e","CD34","Iba1","Ki67","S100b","PanCytokeratin","Vimentin"
"Roche_Tonsil_1",-0.524070760148542,-0.398408736155727,-0.557227415847873,-0.234715793717573,-0.467951909970308,-0.590908711942158,-0.634567180646201,-0.386797895481997,-0.439721724824096,0.434290884133853,0.946673188985092,0.247750850945294
"Roche_Tonsil_2",-0.64837254140751,-0.608955787564422,-0.51614423984173,-0.678945830120715,-0.446876446563928,-0.63574367814569,-0.461761797435961,-0.718154801497218,-0.269852337398973,0.510422934766728,-0.897161241525732,-0.884609010950272
"Roche_Tonsil_24",1.48556898029657,1.49440212285046,1.49768254352254,1.47333272399403,1.49733412482598,1.4777100295742,1.49239219504851,1.48096459231835,1.46880607175405,0.553464165545613,0.780751898202741,1.30668316059589
"Roche_Tonsil_3",-0.313125678740516,-0.487037599130314,-0.424310887832932,-0.559671100155746,-0.582505768291743,-0.251057639486353,-0.39606321696635,-0.376011895339136,-0.759232009530984,-1.49817798444619,-0.830263845662101,-0.669825000590908
