"Staining_condition","CD11c","CD138","CD15","CD20","CD3","CD31","CD45","CD45RA","CD68","CD8","Cytokeratin","FoxP3","H3K27ac","H3K27me3","Pax5","CD11b","ToxTox2","Ki67","HLADRA","pS6","PD1","GranzymeB","IDO1","NAKATPase"
"Run1",0.707106781186546,-0.707106781186547,-0.707106781186547,-0.707106781186548,-0.70710678118655,-0.707106781186548,0.707106781186551,-0.707106781186548,-0.707106781186547,-0.707106781186547,-0.707106781186548,-0.707106781186548,-0.707106781186548,0.707106781186547,-0.707106781186548,-0.707106781186547,-0.707106781186548,-0.707106781186548,-0.707106781186547,-0.707106781186547,-0.707106781186547,-0.707106781186548,-0.707106781186548,-0.707106781186548
"Run2",-0.707106781186549,0.707106781186547,0.707106781186547,0.707106781186548,0.707106781186545,0.707106781186548,-0.707106781186544,0.707106781186548,0.707106781186548,0.707106781186548,0.707106781186547,0.707106781186547,0.707106781186548,-0.707106781186547,0.707106781186547,0.707106781186547,0.707106781186548,0.707106781186548,0.707106781186547,0.707106781186547,0.707106781186548,0.707106781186548,0.707106781186548,0.707106781186547
