"Staining_condition","CD68","CD163","CD8a","CD4","PDL1","CD3e","CD45RO","PD1","CD31","aSMA","HLA ABC","Vimentin"
"Stanford_Orion_LymphNode_Citra_20min",0.288922464877083,0.629069626735176,0.579808849091262,0.462035794520704,0.467305698976707,0.4641808350787,NA,0.470295928093017,0.623628529663656,0.691163931464735,0.274976908861992,0.416838674366857
"Stanford_Orion_LymphNode_Tris_10min",0.461896371529444,0.694511597097405,0.445098664944896,0.304919240238631,0.204169737084715,0.415321223312072,0.0727316790306376,0.170990866904137,0.560772420886622,0.473045627659032,0.216130051501452,0.418720720954881
"Stanford_Orion_LymphNode_Tris_20min",0.27568521732835,0.581253011208204,0.457025873215245,0.254114115383737,0.223322167851085,0.375603430866368,0.0639454067764625,0.189358555198079,0.483833404769476,0.462629897701847,0.196251886055626,0.322705036225674
"Stanford_Orion_LymphNode_Tris_40min",0.2935941277064,0.565192567513764,0.42432436943784,0.208835394045195,0.311898352089556,0.326242451404476,0.0699181777986618,0.150313055901082,0.46703769503732,0.438834186785219,0.179064783182067,0.268917700820127
