"Staining_condition","CD31","CD4","CD68","CD163","CD8a","PDL1","CD3e","CD45RO","PD1","aSMA","HLA ABC","Vimentin"
"Stanford_Orion_LymphNode_Citra_20min",-1.07533660829697,-1.35491397069308,-0.79246754460455,-1.055065361809,-1.44659651078,-1.49394243506417,-1.10243507389973,NA,-1.4525769780106,-1.398055871123,-0.869126987312266,-0.72750030874038
"Stanford_Orion_LymphNode_Tris_10min",-0.610000954931697,-0.0901600815288074,-0.935746357755835,-0.620490625050602,0.180767595018684,0.605748758568398,-0.409946993180403,-0.822416257124173,0.337055614109929,0.0400320899061792,-0.689969856189901,-0.919767442973811
"Stanford_Orion_LymphNode_Tris_20min",0.682405462629581,0.485936325016326,0.825297812183909,0.616323106393362,0.441185235275514,0.502236492202097,0.269914048579205,-0.290734621962057,0.280074096668316,0.432310737569906,0.253635694311639,0.457556268846431
"Stanford_Orion_LymphNode_Tris_40min",1.00293210059909,0.959137727205564,0.902916090176478,1.05923288046624,0.824643680485805,0.385957184293679,1.24246801850093,1.11315087908623,0.835447267232353,0.925713043646912,1.30546114919052,1.18971148286776
