"Staining_condition","CD20","CD3","CD4","CD45","CD68","CD8","Granzyme B","FOXP3","MHCII","CD206","CD86","Ki67","aSMA","PDL1","Vimentin","CD27","CK","PD1"
"UK_Skin_Citra_20min",-1.30025392784061,-1.14676608167423,-0.745611015609217,-1.47677500684178,-1.47301928680644,-1.45642703781076,-1.41818391350573,-0.714444855528835,-1.38650242260022,-1.47841268962019,-1.39030711524013,-1.04924250440275,-1.31314410407082,-0.986825551936433,-1.2001476827281,-0.729824265019848,-1.05564974092012,-1.00970216924018
"UK_Skin_Tris_10min",0.0491540993818015,-0.4630139274557,-0.973181035873361,0.399915086364493,0.333868982880591,0.298523553057164,0.020989237666551,0.24157192980357,0.258933403618759,0.259055673495582,-0.0581838685238212,-0.395265970075943,0.592899864836773,-0.736071631530932,-0.275400732455944,-0.988183507231079,-0.392570035610053,-0.708819068805392
"UK_Skin_Tris_20min",0.11354493023793,0.509212969604207,0.759747075172831,0.339194096624214,0.75654303088781,0.334683721750251,0.776819324212067,-0.840458877733978,0.130853465136817,0.566260131690113,0.809678792571913,0.130835344476266,0.93664030239432,0.871105995651297,0.293264132661758,0.945821354032109,0.139805972879506,0.885901136310178
"UK_Skin_Tris_40min",1.13755489822087,1.10056703952573,0.959044976309752,0.737665823853068,0.382607273038041,0.823219763003355,0.620375351627111,1.31333180345924,0.996715553844635,0.653096884434492,0.638812191192033,1.31367313000242,-0.216396063160276,0.851791187816069,1.18228428252229,0.772186418218808,1.30841380365067,0.832620101735396
